nan,nan,nan,nan,nan,nan,nan,nan,nan,nan,nan,nan,nan,nan,nan,nan,nan,nan,nan,nan,nan,nan,nan,nan,nan,nan,nan,nan,nan,nan,nan,nan,nan,nan,nan,nan,nan,nan,nan,nan,nan,nan,nan,nan,nan,nan,nan,nan,nan,nan
-4.638658582531611785e+00,-3.605269763194815624e+00,1.837195006184503043e+00,1.900741752008535457e+00,2.261021949104943474e+00,2.112255691218740239e+00,2.316957769513411591e+00,2.362735201868259693e+00,2.075913203117657702e+00,1.496393220753388320e+00,1.233638784938781541e+00,1.684860999804381976e+00,2.507080335595357923e+00,3.039281284086188251e+00,3.721238682765818595e+00,3.412234814384101256e+00,3.389650449160223289e+00,2.103407416500628457e+00,1.550055348498046826e+00,1.415423720102184646e+00,1.359892957291910065e+00,1.432135917610956710e+00,1.734900748983113417e+00,1.461615938996541075e+00,1.055662687415866330e+00,1.100836067803555807e+00,1.894686755360170949e+00,3.221926559715891258e+00,3.227096857723477541e+00,3.010004110786539400e+00,2.987817939392988009e+00,2.353895495033427210e+00,1.931552569104008299e+00,1.189193962252177883e+00,1.056577434320775666e+00,5.559762013390088242e-01,8.006704855905759644e-01,1.807896690869526424e+00,2.341544378604647036e+00,2.290270219014901798e+00,2.258925507011518619e+00,1.677850023059759721e+00,1.593269439540515364e+00,1.514584992168488853e+00,1.288215140635445621e+00,1.243400838933689911e+00,1.018532994654684387e+00,1.166125877729978555e+00,2.391307597546679986e+00,2.340409510784098757e+00
9.623201412850002079e-01,-2.214321576110759082e+00,1.298856304962317409e+00,1.133319341268595792e+00,1.360705142417792501e+00,1.880205212479305388e+00,2.487460203717219542e+00,2.608994975210487510e+00,2.474007844853376881e+00,2.301946003690616749e+00,2.247306332725049316e+00,1.738375757054690496e+00,8.966705069316418530e-01,4.817421361874281160e-01,-7.134360462918465373e-02,-8.512397799651338914e-01,-9.368434602165471858e-01,1.006884666472444678e+00,2.868375033692950993e+00,3.589141779506313412e+00,4.008995253283913485e+00,3.822739822398537157e+00,3.674487997994305033e+00,3.808988740381625604e+00,3.496917011143111154e+00,2.285708658667306992e+00,6.959501359584550073e-01,-2.916078574010114721e-01,-3.263527379735045031e-01,-9.508487485259919936e-02,2.925752031694699440e-01,1.073552605397109616e+00,1.518021966561668989e+00,2.182634659188764203e+00,3.083127643496496262e+00,4.241545620763213620e+00,4.309220251673584912e+00,3.773597927585260692e+00,2.995945784210164220e+00,2.262804662534158240e+00,1.749827987879942981e+00,1.553628267751657077e+00,1.577959670441307694e+00,1.836502249623862326e+00,1.830182312061539918e+00,2.222695802306578372e+00,2.746854718322813582e+00,2.576150445300436687e+00,1.552424712218602565e+00,4.379114109081001516e-01
1.248255548947770421e+01,1.114378898255722206e+01,2.171919466435440427e+00,2.211849600899999047e+00,2.276474261766747276e+00,1.412598361591879126e+00,5.444808934100109354e-01,1.012518834417619473e-01,-4.188968534556281043e-02,5.345550833218020159e-01,1.282665471601450946e+00,1.931557714771031442e+00,2.428444250020287853e+00,2.971999346288971111e+00,3.390926409671912722e+00,4.035341512667542929e+00,3.796226139632469909e+00,2.307337491735967916e+00,7.714055643726460687e-01,-2.366935901667943654e-01,-9.581165717506969770e-01,-1.075103654002120379e+00,-1.298468269182283308e+00,-1.551136553760333214e+00,-1.062117432468028255e+00,8.727811338609718916e-01,3.156169994669081547e+00,4.379908840725569519e+00,4.741944331936405632e+00,4.600358344134239275e+00,4.277271961534701461e+00,3.903400147453069735e+00,3.537386641336219384e+00,2.525734095281158886e+00,3.838361145567930066e-01,-8.065946774439005651e-01,-5.994086084851595331e-01,-2.502805520847530829e-01,1.053044306198778202e-01,4.450513435970577802e-01,8.387284938517112209e-01,1.682124451991818148e+00,2.188129273488797821e+00,2.074313812456981765e+00,2.384767431733436638e+00,2.187909583546385761e+00,1.685016376103504854e+00,1.275288809787820554e+00,1.224778949588976928e+00,1.608133142814988759e+00
nan,-1.631127545709105675e-01,4.614172525711204287e-01,8.682439721135928323e-01,1.306237127287612765e+00,2.173725162248491216e+00,2.756295932509303270e+00,2.902555369712054301e+00,2.589185346171547053e+00,2.189263082067018473e+00,1.855343121780798299e+00,1.540135285776372598e+00,1.153549141546502455e+00,6.934555768037959922e-01,5.788467598181199492e-01,4.816473505580916026e-01,8.447237207911655332e-01,1.697850102500517266e+00,2.653994302506884395e+00,3.585276590100026084e+00,4.025743670519887019e+00,4.295567412115428141e+00,4.632062910312384929e+00,4.878417653165673329e+00,4.102414797253324252e+00,2.294800659478998028e+00,-1.165686966932710789e-01,-1.899897244572301247e+00,-2.385537141213823986e+00,-2.335698564555904966e+00,-1.690643475802090734e+00,-9.059946039400372797e-01,-1.600100312081487175e-01,1.051962510643928539e+00,2.955196360658334243e+00,3.370979144485247048e+00,3.090059767933674095e+00,2.661461823753050737e+00,2.433530808425224734e+00,2.334496759397076460e+00,2.190277289374538583e+00,1.417937549581999690e+00,9.209648743867511200e-01,5.114696164863090644e-01,6.943433633565376795e-01,1.415380416157777432e+00,2.082483509715878256e+00,2.383209992418784395e+00,1.948869862877764092e+00,1.874635523235653523e+00
nan,1.394337917170677343e+00,7.281678273714327077e-01,1.435960962937990359e+00,2.076102650979397168e+00,2.088286938047247077e+00,1.423249976294805208e+00,5.505836793381568839e-01,5.550391772959990533e-01,6.778141709032112772e-01,9.127227723220876499e-01,1.099488989440207121e+00,1.206767072645590133e+00,1.210713068280405480e+00,1.492977801224700585e+00,1.788278254161127734e+00,2.047866954412086216e+00,1.566846735725771822e+00,4.642235674667709588e-01,-3.134322973733461026e-01,-1.013881470888609471e+00,-1.886267144911339955e+00,-2.508334312245590780e+00,-2.361008736254262885e+00,-8.974623276352389212e-01,1.111174554809636561e+00,3.016558164550875887e+00,4.332149527062682637e+00,4.899832990913427722e+00,5.086437875436676137e+00,4.706419984769578235e+00,3.966675094572018168e+00,3.188613920414105962e+00,1.972394625580012217e+00,9.377056466735105289e-01,4.645059053125564219e-01,6.231309516762983947e-01,9.777651028708902459e-01,1.231911635132135530e+00,1.491818157660336652e+00,1.972964513319897861e+00,2.022002587893435788e+00,1.714853933646384831e+00,2.159699601271210412e+00,2.147454241223979210e+00,1.466455266939863833e+00,7.244403041562961221e-01,2.359495527398998149e-01,5.421095089813618983e-01,3.342323919138685540e-01
nan,7.672549379293371885e-01,1.258425662668713585e+00,9.121031185812320530e-01,5.538578194837278090e-01,9.625075368415600963e-01,1.771508666633685891e+00,2.601145220051019891e+00,2.791740718035651270e+00,2.786385818332476560e+00,2.083785654147334299e+00,1.661212569814576767e+00,1.345535511318544764e+00,1.233586084238314839e+00,1.031514351391699336e+00,7.476114163236147192e-01,6.460911214563722638e-01,1.638206273053899764e+00,2.960416625336652174e+00,3.894597863219129152e+00,4.735693442875430037e+00,5.263098327922893560e+00,5.499463924816744509e+00,5.013366641864958950e+00,3.827090680171981063e+00,2.547791680956674298e+00,1.010019353288821975e+00,-5.807166672205035240e-01,-1.732919114181530773e+00,-1.680034749897057367e+00,-1.347363020354286789e+00,-6.413440295595620455e-01,-6.857917897016818642e-02,1.021881716109884763e+00,1.980717310356254757e+00,2.328228350429824900e+00,1.863728424563358743e+00,1.274106056109847174e+00,1.055987495221497596e+00,1.149278829864730511e+00,1.141606737496992707e+00,1.193326725462785731e+00,1.274061627808951158e+00,1.039761436771133418e+00,1.149423645676066030e+00,1.675822090424592403e+00,2.255840762048602954e+00,2.457800485396209211e+00,1.890996120267157465e+00,9.131314993064947316e-01
nan,1.036119373891121853e+00,1.268581985002114720e+00,1.799435619649493390e+00,2.177283322778979624e+00,1.858564720456616470e+00,1.051694168222422121e+00,2.088575886711687701e-01,1.262449200301816177e-01,6.002805746133006437e-01,1.521395662351444855e+00,1.555206112891635684e+00,1.282390558691076876e+00,9.133323767566103868e-01,9.448930416168828117e-01,1.444658627143333263e+00,1.634305836001718859e+00,1.116504250964986511e+00,3.595985768988505527e-01,-4.846553695352220359e-01,-1.037220320742740398e+00,-1.571108430418597379e+00,-1.659154992523898642e+00,-1.339202720756208720e+00,-8.371548072404699781e-01,2.275660533604479951e-01,1.720851854467991160e+00,3.410818331178848695e+00,4.423559590940701725e+00,4.408654262381109135e+00,4.217517070888231245e+00,3.760201808998264283e+00,3.352209628873882963e+00,2.313765530856841224e+00,1.234213468225636490e+00,5.736944853222176732e-01,5.328805423657740903e-01,8.932642582759413585e-01,1.055235931959625617e+00,1.279695450729363415e+00,1.515884834600452535e+00,2.000543837917700074e+00,2.462081103399611948e+00,2.708210704279874648e+00,2.523000697030976625e+00,1.770145302305838442e+00,9.001794553860484882e-01,3.815119933113138018e-01,5.749659950875845027e-01,9.759783587690193940e-01
nan,2.293978406002000980e+00,1.652103976038301170e+00,8.614252634832375577e-01,6.109228183165349435e-01,1.164311561516527149e+00,1.938896992941007369e+00,2.693663206766387930e+00,2.829468836854633906e+00,2.378142795504299301e+00,1.599454712373667320e+00,1.324940881660900516e+00,1.390921716592718127e+00,1.727948430013892533e+00,1.712934908108373122e+00,1.717850563933122743e+00,1.787757401907711596e+00,2.248897522362995005e+00,2.554636349809623397e+00,3.190540931652183332e+00,3.553048219804995966e+00,4.004476061507524776e+00,4.097376689439119701e+00,4.081530145086087913e+00,3.824942343909100373e+00,2.371221648448745611e+00,7.496055701386197256e-01,-5.304700839390328326e-01,-9.918782814210231891e-01,-1.302552436478869424e+00,-1.213100110855538816e+00,-6.113087116497588624e-01,4.352132634809962042e-01,1.664209450294311665e+00,2.176797650237819681e+00,2.275904411816998874e+00,1.924524797961112199e+00,1.697248452529489526e+00,1.338881441948217343e+00,1.207402243718377122e+00,1.190953259883549720e+00,1.013051503739241355e+00,5.713872059640010548e-01,1.979294003516649525e-01,3.541391184307158824e-01,8.237673978230333205e-01,1.626196300783611548e+00,2.020145099857732163e+00,1.828757540992246078e+00,1.580956201810828077e+00
1.238108544156336421e+00,3.558174749417126748e-01,5.833103809670134865e-01,1.319947104766697521e+00,1.466159244908670445e+00,9.417494277025646454e-01,3.538973357128902819e-01,2.549596344477116361e-01,1.773758059085324135e-01,1.737837093523957321e-01,5.642330500016576877e-01,8.437357744614786270e-01,1.270710674091546366e+00,1.695987711002242548e+00,1.827357173889730291e+00,1.893207761486202401e+00,1.985239253431046791e+00,1.680985981421315500e+00,1.160786804932982363e+00,2.713684941111758064e-01,-6.721359427984872070e-01,-1.364678416852374454e+00,-1.539318920688163672e+00,-9.679809041989351215e-01,-1.220138447127041559e-01,1.189253229936074518e+00,2.327726779518357603e+00,3.001612491869458665e+00,3.059568894383069448e+00,3.287805202130083870e+00,3.383583275636421916e+00,3.170013614737793972e+00,2.433519632092060903e+00,1.612769645514106287e+00,1.241854477345821550e+00,9.971404732113668956e-01,7.863309662703947822e-01,5.557490649699019514e-01,9.389001244916350686e-01,1.065627097590464700e+00,1.178589746585000597e+00,1.590490005883491875e+00,2.635875476542217655e+00,2.980000423097340700e+00,2.714196191602553654e+00,2.395396559748391496e+00,1.737044562752242172e+00,1.659615563826807971e+00,1.334082871337681553e+00,2.073389206060912926e+00
1.337759830180445420e+00,1.886828915018437414e+00,1.625749953988876229e+00,1.692300786650960731e+00,2.583501833869213726e+00,3.083523097844583560e+00,3.541505861207976835e+00,3.632830512282744451e+00,3.719121401063063104e+00,3.465523348560356709e+00,2.446259923934981373e+00,1.415961536286715727e+00,1.211408349062455869e+00,8.070396386168816605e-01,7.606445388039873023e-01,5.244185113386414798e-01,8.366927542964148756e-01,1.122891876690857771e+00,1.721603128414823658e+00,2.368565723714855409e+00,2.989599991334216611e+00,3.626455438082977878e+00,3.623275956044437862e+00,3.208897256071015391e+00,2.595016183530521658e+00,1.777070594152000638e+00,1.087330104094952787e+00,4.937619757878088933e-01,8.630211154204658897e-02,-3.672483094337302134e-01,-6.649377254079098520e-01,2.273755349409576354e-01,1.019342872841118464e+00,1.527173595614858215e+00,1.936250981040078756e+00,2.336902001441842458e+00,2.623414976046774427e+00,2.481095131346190641e+00,2.131400876404484279e+00,1.713298607543528362e+00,1.250864366967803676e+00,7.410897914618779225e-01,-2.815815162292238938e-01,-5.497457990535288275e-01,-4.764132050286491449e-01,-1.071564757732588191e-01,5.816925151943976857e-01,5.977972414330423589e-01,9.715502106658604475e-01,7.525585098852332067e-01
nan,1.211886526595407076e-01,4.385121195541792360e-01,5.479262483218718671e-01,4.251928063144916337e-02,-3.751769380543024113e-01,-9.214015510605868542e-01,-1.272063284090211965e+00,-1.357366341341421645e+00,-8.218300958820563551e-01,4.437417409719053296e-01,1.617068823073406492e+00,1.595434916128393610e+00,1.628618280237990490e+00,1.851309385513410177e+00,2.389905109135764150e+00,2.476629758942259230e+00,2.295496565240988218e+00,1.807159186077765156e+00,1.229410788924177211e+00,4.648359326252879953e-01,-3.657586492978808224e-01,-3.744136160544506708e-01,1.963505172856727654e-02,7.625655412917105025e-01,1.326588314616170550e+00,1.927545807981655202e+00,2.627798183659681541e+00,3.216769312768253286e+00,3.508049873730104906e+00,3.344512991457783357e+00,2.120501656250343814e+00,1.187839935622104548e+00,9.038113428869074539e-01,7.058879548500662793e-01,1.538453467174285549e-01,2.123008098663952126e-01,7.171713139508923973e-01,1.128299694519395047e+00,1.364298755888874837e+00,1.774530398831881683e+00,2.498889709449425567e+00,3.185969517376364024e+00,3.397413303070177193e+00,3.420037973022893141e+00,3.080070368215487520e+00,2.624559982369447653e+00,2.285273886964539258e+00,1.524753459299390101e+00,1.496625850913659406e+00
nan,2.299749401823930839e+00,2.763447874685603267e+00,2.437818989341909770e+00,2.302971257948929207e+00,2.486112631948710572e+00,2.795087275252647885e+00,3.416337347144725811e+00,3.744341464498727845e+00,3.323168432062676203e+00,2.725068157643736555e+00,2.015490148326836817e+00,1.363682617553894971e+00,1.372098537431366339e+00,1.276401086778516714e+00,7.492771792206092130e-01,2.837857703043908941e-01,6.336965558217855232e-02,6.127995944868303013e-02,6.554899204574837768e-01,1.802317727747645648e+00,2.905929766325645147e+00,3.334873176170315645e+00,3.205515402525175972e+00,2.352955234194208600e+00,1.896661395157611452e+00,1.395039774133604027e+00,9.021719119566711242e-01,2.417541222124590661e-01,4.340100003278735130e-02,5.806668546326996250e-01,1.008593048539424331e+00,1.428626472368964784e+00,1.475036490222727537e+00,1.822670300665482301e+00,2.374525246041848447e+00,2.334251494782726866e+00,1.735746160177889408e+00,1.464612970606310682e+00,1.376521866416521078e+00,1.160388804672138008e+00,4.582234199430246235e-01,-1.667023625015957577e-01,-5.735645087509979589e-01,-8.126141879751465069e-01,-6.134793190977028132e-01,-5.176967018569129664e-01,-2.799264475212446257e-01,3.987822528771225450e-01,-2.233347496832038814e-02
nan,-2.208453120091107280e-01,-4.073492332453909626e-01,-3.956359551928692042e-01,-3.277475986310136591e-01,2.591606866654672103e-02,4.498148146149887339e-01,3.186850399394245414e-01,4.599262702970463579e-02,3.055540264895739710e-03,2.495033057099860230e-01,4.497497511411481241e-01,9.509976969641726896e-01,1.047066045022546632e+00,1.116875919809515949e+00,1.179814808734782616e+00,1.239422140254994531e+00,1.508430365936057171e+00,1.700553760828093175e+00,1.621775031266587064e+00,1.327017140018902808e+00,1.003082530214626900e+00,6.315852345162724646e-01,4.268437137897436173e-01,8.631337926362760982e-01,1.190931967171145800e+00,1.612949090849880918e+00,1.860209464277744473e+00,2.194173576491387223e+00,2.319273171157718139e+00,1.543030698487747543e+00,1.121021617680725058e+00,7.830808289835076152e-01,8.617362283646130550e-01,1.035029063269703897e+00,1.267988129818355958e+00,1.178873160361867178e+00,1.435615996259684835e+00,1.346272692296750506e+00,1.351911821240072697e+00,1.807395853518585227e+00,2.395413127865044345e+00,3.004889008700633468e+00,3.344959772018032851e+00,3.169070818988689808e+00,2.653640681831614501e+00,2.444086700517928534e+00,2.605590756057733159e+00,2.794094432379456094e+00,3.454767944419032233e+00
nan,2.589878950241402578e+00,2.671574159457730246e+00,3.666814262888522080e+00,3.492411530685970433e+00,2.883063347690352884e+00,2.565291444418200228e+00,2.544237145879193918e+00,2.646192754442424189e+00,2.856224859047948428e+00,2.440667422321467939e+00,2.011091519302247832e+00,1.928535515453894789e+00,1.822133168378634593e+00,1.630476283508620838e+00,1.569025850801253341e+00,1.652818331942775387e+00,1.394601296786902367e+00,1.325203953102800369e+00,1.322134755942059314e+00,1.256473678832819019e+00,1.427066985558219869e+00,2.001299033955042717e+00,2.119391641087169376e+00,1.826654691681355303e+00,1.649156829971630600e+00,1.337705191957546447e+00,1.196824330504945522e+00,1.052494467634289776e+00,9.498802975205151711e-01,1.345051019223575395e+00,1.416978716466310573e+00,1.401559144186876438e+00,1.306174693556762634e+00,1.208909197068734898e+00,8.678824204830846156e-01,1.083532170122246896e+00,1.177840583179303735e+00,1.705186284854455891e+00,1.769426090501653448e+00,1.049455295930883381e+00,5.546017499229947134e-01,2.958083001829621139e-01,2.701208046600669377e-01,6.776509059416611080e-01,1.040261700598335892e+00,6.946756579772284113e-01,-2.324356343714129025e-01,-5.559498746727484786e-01,-3.910343978966608347e-01
nan,-4.352080347517137682e-01,-7.706547514758739226e-01,-1.189026738746953527e+00,-7.093229672889336257e-01,-7.862008913149054479e-02,1.334011728170452216e-01,1.050941424092641796e-01,-5.473369258579907637e-02,-1.159735005164179711e-01,2.301868509102007465e-01,1.326305164332012509e+00,1.948785863017150177e+00,2.042283799626481766e+00,1.680318011213167040e+00,1.451364316489069495e+00,1.330524840257638175e+00,1.212314992332821362e+00,9.928804251407044035e-01,6.343875690275595502e-01,5.848422490034934640e-01,6.514605168407214819e-01,4.457070266140306103e-01,5.964187612348155199e-01,8.798354679610298490e-01,1.115387616960177297e+00,1.617511365166635073e+00,1.937305756257394762e+00,1.993953886082209692e+00,2.013698942772791156e+00,2.031016099032207478e+00,2.208879749849295138e+00,2.115296901433247001e+00,2.095817205978740105e+00,1.188531970401619731e+00,9.414648844198296729e-01,7.927048867849748603e-01,9.503830289269430409e-01,8.664588522246106095e-01,1.112318732535044319e+00,1.955647236206402795e+00,2.448296248522247254e+00,2.568368911849461256e+00,2.739723083171959672e+00,2.519798242106716657e+00,2.497255523053766524e+00,2.985121240927526287e+00,3.902096907046100682e+00,3.528399974388946703e+00,1.941330758855716709e+00
nan,5.381282818648561062e+00,5.396009837962346012e+00,4.470809147272461814e+00,3.820297018363717712e+00,2.891697621037749855e+00,2.285474119355193068e+00,2.215728919887638426e+00,2.442778963588708052e+00,2.414787137269328809e+00,2.232225532394878087e+00,1.558285417836351883e+00,7.932303602141459464e-01,4.474421245117667922e-01,6.917946845945337486e-01,8.498965809398129068e-01,8.530618304194916846e-01,1.571395542987893634e+00,2.052972449620618534e+00,2.437097106307078320e+00,2.753542333203490955e+00,2.588506644394499290e+00,2.191551208326892208e+00,1.943620644242457729e+00,1.716834687703610030e+00,1.367614752415221346e+00,8.800399927158224500e-01,6.206829065581800364e-01,5.700317737065887513e-01,2.984120088783228653e-01,1.937717020449767347e-01,1.576866692464449216e-01,5.022388279305118886e-01,7.770643092964846232e-01,1.720944532650946712e+00,2.457863133239655440e+00,2.920342409461525790e+00,3.112166962639790313e+00,2.661067335382512056e+00,2.125496943909595871e+00,1.269637882449089261e+00,2.735963311846134616e-01,2.177540248938427681e-01,2.703481856902456570e-01,1.828700622252341645e-01,-4.940282703182674595e-02,-3.746977017095218798e-01,-7.723341352216976929e-01,-1.211992068923230192e+00,-3.940213908052641045e-01
nan,-3.389446060026266139e+00,-2.977359550429248713e+00,-1.688207116274909936e+00,-5.603885982437404323e-01,2.036643730104259475e-01,3.759627708896644549e-01,6.133466849367792406e-01,7.440457283393016041e-01,7.668011023514509361e-01,8.148605041095819956e-01,1.240160477023650287e+00,1.841263378747598267e+00,2.228571560015133457e+00,2.387481712223902264e+00,2.455854113630870472e+00,2.021672353559836210e+00,1.166437451821515481e+00,6.561181203475570101e-01,4.500624745738264210e-01,nan,nan,nan,1.247701520593899716e+00,1.535057123125731948e+00,1.707388453030105779e+00,1.640703234538648303e+00,1.509695277504071953e+00,1.790227318271512047e+00,2.286428774859807334e+00,2.558102752875306862e+00,2.649120160171499094e+00,2.508045332519337478e+00,1.900100039429240439e+00,1.030253061994343966e+00,1.271139074336886665e-01,-2.165526517070119894e-01,-3.684433014971943976e-02,4.351841236561995174e-01,1.211854717041425999e+00,1.898301956141303037e+00,2.573872062139727745e+00,2.436687098210157387e+00,1.963466002039240266e+00,2.016178410312079450e+00,2.337377662178731441e+00,2.863916039545173930e+00,3.360085418169944660e+00,4.453832900432360020e+00,5.461595193379494617e+00
nan,5.549211803420952549e+00,5.287519234577430893e+00,4.635373097066235459e+00,3.501542024922216001e+00,2.854730704779342432e+00,2.618967634791651733e+00,2.466745975433028093e+00,2.353038754227647189e+00,2.797719451044223149e+00,2.971674446547410753e+00,2.421803978831803761e+00,1.601182905052525030e+00,9.399108491209773319e-01,5.197199492238482321e-01,1.706854799341854800e-01,6.328416835507653104e-01,1.366432904150642003e+00,2.014844175591854025e+00,2.336653067364508729e+00,nan,nan,nan,9.662492657806112106e-01,8.743705708884164096e-01,9.708312549770639066e-01,1.316043365092063766e+00,1.519798268544299447e+00,1.124218192353481527e+00,8.063819235963904930e-01,4.574848862051794640e-01,5.220987758319495242e-01,7.789182131813916499e-01,1.161323992314990505e+00,1.958834943116507077e+00,2.681446786982533581e+00,2.727625913468102681e+00,2.304276704675352505e+00,1.575338820593721323e+00,8.247503294437166232e-01,4.078065889603621486e-01,4.120999790489960901e-01,5.392527196634446796e-01,7.037265588721837162e-01,5.225263731263183331e-01,2.818707066041952203e-01,-1.177860732978359692e-01,-6.763822105302068621e-01,-1.258551033642930861e+00,-2.352730783037650042e+00
nan,-3.487877700173463325e+00,-1.950143542808135066e+00,-1.464875800848574272e+00,-7.664309550446475328e-01,-3.912263316304986915e-01,-8.790647183054289826e-02,-2.967666092165188729e-02,-1.323234530156227606e-01,-3.127663082929146299e-01,-3.833409311616975401e-01,-2.309017664708079565e-01,5.634030648520464979e-01,1.696323629389397070e+00,2.534137566928748697e+00,3.153130491816625636e+00,3.187089827466039083e+00,2.682641864538219068e+00,2.038081434431219918e+00,1.683491396071666202e+00,1.334691470458572837e+00,1.198150026235950349e+00,1.138501575925474185e+00,1.263790356918320867e+00,1.136240907802921640e+00,1.064558401628495687e+00,9.600859189662145354e-01,8.182043813582353664e-01,1.166244060903132151e+00,1.545788975700837398e+00,1.970713987748695217e+00,2.016803113094262301e+00,1.650153162598840595e+00,1.427965506890046754e+00,9.134201480137917883e-01,4.345194119105570962e-01,5.092566526836748153e-01,5.855240795111171792e-01,1.342686443494457649e+00,1.950291694654715968e+00,2.420944748632990695e+00,2.748713221965800813e+00,2.741640519507242857e+00,2.396743017915405005e+00,2.406473027385601426e+00,2.447449452071445819e+00,2.960810048542171558e+00,3.576015506827488366e+00,3.809529454059266129e+00,4.018600018738098356e+00
nan,7.594830987426831825e+00,5.922750335509483932e+00,4.492240104977504700e+00,3.276584568450516599e+00,2.773553801084503334e+00,2.454999617194154382e+00,2.528531780610279611e+00,2.868293552697025461e+00,2.842576479206741169e+00,2.620375011264812315e+00,2.600738321219012050e+00,1.961290690600691278e+00,1.072353095689720703e+00,3.573854484700547118e-01,7.593825296144274262e-02,4.578031691497557176e-01,1.069118106988383943e+00,1.355528070092482551e+00,1.365343668588927528e+00,1.429275615542110245e+00,1.464749065587803045e+00,1.374356669554217092e+00,1.221643440536489322e+00,1.075499170725528586e+00,1.076362387873984972e+00,1.190991470813720809e+00,1.465138960066568075e+00,1.735753633947183516e+00,1.665290793417916859e+00,1.696340664011479760e+00,1.640601061776486347e+00,1.976281404049736068e+00,2.315053743619223781e+00,2.703176567736974789e+00,2.778430945774339023e+00,2.467891224506082892e+00,2.007511531783613634e+00,1.395573354137454203e+00,9.206582403100327383e-01,7.684355055950220503e-02,-2.983609253009120721e-01,-1.718356386020332138e-01,1.112941356366832224e-01,1.174032817591594835e-01,2.322226541894565344e-01,-7.580657571430293729e-02,-4.963485122256940940e-01,-3.190981555021537019e-01,-2.593280462063489722e-01
nan,-3.652610249455747748e+00,-2.212514782394855217e+00,-9.655886092094760897e-01,-3.105345676797242049e-01,-1.069945061292401078e-01,8.428998917865726526e-02,7.597781871081110694e-02,-1.071033724867689330e-01,-1.460531391595836226e-01,8.578767329880321313e-02,1.930101721230883527e-01,6.017937993461757173e-01,9.727880299611015857e-01,1.414100611781158534e+00,2.079593279925212812e+00,2.312028922271942122e+00,2.460180310803153247e+00,2.444319597447474735e+00,2.068814497459804613e+00,1.515576481547903143e+00,1.315273283685321815e+00,1.384674557683410967e+00,1.453882734064428917e+00,1.449720949429725181e+00,1.466017346464987270e+00,1.247503073641937021e+00,9.508816786359730600e-01,7.434494482208151567e-01,6.780692458328587691e-01,7.972553342580042113e-01,1.007073014056707905e+00,9.242047805709958652e-01,9.265257776193891459e-01,6.684193018046471479e-01,4.260277458477901291e-01,1.235683129408187142e-01,2.750365506187790743e-01,8.101643440216221848e-01,1.227037006963371368e+00,1.977508142919781164e+00,2.446881478454763226e+00,2.428210756773282242e+00,2.401052334911376818e+00,2.477134996233345987e+00,2.631828494588212664e+00,2.929363318597992816e+00,3.828953389517138817e+00,4.678202174514161982e+00,5.038128748280399805e+00
nan,7.971046396351283647e+00,5.967922612775545588e+00,4.325726831346528911e+00,3.573702402586107496e+00,2.841024136443067505e+00,2.633529676736294789e+00,2.461711987854819483e+00,2.544978967813101178e+00,2.641845425944154613e+00,2.488136263233883483e+00,2.038842768877749734e+00,1.851751829147154638e+00,1.794655458074132071e+00,1.576349460097432598e+00,8.112988975411639103e-01,3.802881483234870075e-01,-2.702624942672926522e-01,-2.000643426916397516e-01,3.303260293862777530e-01,9.943982660445556121e-01,1.572124867761594658e+00,1.711416756495331981e+00,1.724382541932783397e+00,1.556741448241112380e+00,1.375507736254711233e+00,1.682360225210047133e+00,2.125424118580987454e+00,2.281888608114542194e+00,2.388592030013818146e+00,2.194984073327418628e+00,2.130228440374317245e+00,2.041416243552902188e+00,2.105347437690355150e+00,2.367963750004172141e+00,2.628901915034042247e+00,2.667710512252014610e+00,2.412535606668839705e+00,1.694114521014171260e+00,1.239314583350747512e+00,8.899546720074269501e-01,5.512221210554884010e-01,3.674843992108307589e-01,1.924845546699600618e-01,-4.576808220448924658e-03,-2.827251448541900913e-01,-4.037515847908181854e-01,-1.028997470677161630e+00,-1.949678145382989669e+00,-3.311136803500012604e+00
-5.015810731566311631e+00,-4.102366924273624704e+00,-2.631709080917353560e+00,-1.795045212573342042e+00,-1.405351930407839234e+00,-6.951896459598785327e-01,-5.551907577225136947e-01,-3.852708467912862034e-01,-1.539982244721755933e-01,1.346601678673167157e-01,3.665747580301825792e-01,8.040671654122419909e-01,8.999019426718319892e-01,1.273950511302643918e+00,1.713125270469376460e+00,2.339896204800503199e+00,2.658844188458033386e+00,2.910163314219943231e+00,2.581030807546916606e+00,2.381770314468163008e+00,2.354950020621188855e+00,2.212086643705660549e+00,2.010830119814670525e+00,2.011062071947456786e+00,1.853612937491917023e+00,1.617192046272776906e+00,1.334185529691936267e+00,8.939554803862037602e-01,6.633182026905970474e-01,7.772655226270117623e-01,5.913974672754491735e-01,9.174385354413772120e-02,-8.108800060450960245e-02,-1.691023402558755606e-01,-3.739223522540768840e-01,-1.089360800048382316e-01,2.457682343444531625e-01,9.053016045907398279e-01,1.609435249818126579e+00,1.910807448717875445e+00,2.105154162249071703e+00,2.045705712984535296e+00,1.923089006083870345e+00,2.080909480416877955e+00,2.284539948333723203e+00,2.614181787754958464e+00,2.833134491878368522e+00,3.392557199994421069e+00,4.367010394774588633e+00,6.465748597393684349e+00
8.734925082165752031e+00,7.562344834648733638e+00,5.821371201693331443e+00,4.623577764955456360e+00,3.870119118901584443e+00,3.438947630337452210e+00,3.282576971723770498e+00,3.091213682730590051e+00,2.704623334376371702e+00,2.327342152393534036e+00,2.418700886722852772e+00,2.487683447343940202e+00,2.425808782543072084e+00,1.979112239336735968e+00,1.389759023306062602e+00,5.325116415853088370e-01,-2.972450248420273056e-01,-2.975423143434809958e-01,3.361701206308751466e-01,6.216043278257572524e-01,6.440084456264045798e-01,5.762038275525327435e-01,9.491311300891211999e-01,8.615973815812338898e-01,1.261397972181086402e+00,1.613648212221434619e+00,1.795906053862758256e+00,2.069188910156512407e+00,2.245345653612915271e+00,1.943455278997284097e+00,2.451585603600747731e+00,3.160274490046134588e+00,3.497174322527285995e+00,3.427333727077510162e+00,3.540150878403665047e+00,3.293468596737966436e+00,2.666051875224560774e+00,1.968102798487272764e+00,1.314460072352581221e+00,9.440554644934451289e-01,6.272371620443948359e-01,8.116446971314061898e-01,8.352699678845212361e-01,3.727980626858311552e-01,-1.729266179565414063e-01,-7.748414435273929257e-01,-9.615182479896233758e-01,-1.195635622929273723e+00,-1.667470974692058405e+00,-2.388770502403303908e+00
nan,-4.519981748840685043e+00,-3.402627362543810818e+00,-2.597533573865042911e+00,-2.008251398093563012e+00,-1.685064557107324390e+00,-1.369564379821120781e+00,-7.020384495437141936e-01,-1.813815810558310204e-01,2.462879389757333115e-01,4.289547766854227007e-01,3.210833620864121940e-01,3.787177199281401840e-01,7.556847610259467274e-01,1.211548135967312589e+00,2.249459999390921894e+00,3.149909351440946637e+00,3.077688414430646446e+00,2.582522477339857403e+00,2.243173746056612572e+00,2.136070445910732474e+00,1.746274656518735924e+00,1.335731623955233260e+00,1.437374330539824996e+00,1.320582096272865158e+00,1.052508264815955386e+00,8.645354584325062319e-01,5.642613243683740620e-01,7.086373053430179425e-01,1.092538260363383529e+00,9.317888350657810292e-01,5.388941434806824304e-01,3.713484932278134920e-01,-3.666358811588565914e-02,-6.212414536896986306e-01,-8.579569368332755630e-01,-9.181948842278586653e-02,9.421002453437026247e-01,1.640090685617387578e+00,1.903769239882088016e+00,2.051034349773374288e+00,1.598631033876330321e+00,1.661449858016901260e+00,2.046809160961259977e+00,2.674785756355909427e+00,3.281516771297781077e+00,3.583628004298347491e+00,4.338335414107959309e+00,5.234935934016284875e+00,6.278417563494834042e+00
nan,7.285972959660298898e+00,6.186374992349719548e+00,5.657962544808164296e+00,4.716137978023787980e+00,3.991782918560751625e+00,3.548965248558211272e+00,2.736986044419886355e+00,2.276760113128794671e+00,1.740711934680653883e+00,1.504950337652203984e+00,1.763647619223711160e+00,2.348826057270329670e+00,2.086560186779095716e+00,1.531620253937930443e+00,5.993125143058932736e-01,-8.632495997362354956e-02,-3.427015079460105085e-01,-8.119697935072167638e-03,5.335925206131122422e-01,8.253656310279922081e-01,1.398119292037016237e+00,1.633700544860303694e+00,1.479601238716860223e+00,1.453294404897164327e+00,1.367773136036660730e+00,1.502410061389582552e+00,2.105904189840281049e+00,2.093704352790240364e+00,1.774030218321719587e+00,1.485032998694414630e+00,1.526898199664316280e+00,1.761259437943934358e+00,2.486974004244991932e+00,3.347220714815080100e+00,3.795803857076272436e+00,3.535275925235417560e+00,2.260227277765778808e+00,1.106797454500849653e+00,1.056602400081857240e+00,1.138891623164631994e+00,1.412076233653330348e+00,7.742175367149997101e-01,1.279354778643551072e-01,-3.238109608773669379e-01,-8.002616146823839927e-01,-1.347106428985924254e+00,-2.208630148638150104e+00,-3.020938235628861435e+00,-4.175085408949932742e+00
-4.680646981439615217e+00,-4.250269636240446403e+00,-3.674633714257801387e+00,-2.988086541585403211e+00,-1.962186053284241893e+00,-1.291895709776696322e+00,-7.928134835076363629e-01,-8.751809373649166446e-03,3.879707845174422687e-01,1.020145307859820605e+00,1.412011245724677622e+00,1.589445418908624674e+00,1.392668359617111662e+00,1.663558908611662446e+00,2.394927593949880418e+00,2.859451238928897965e+00,2.994662375453778225e+00,2.954858662308659234e+00,2.349861861508571792e+00,1.613785570025271454e+00,1.078560101126093684e+00,1.106387751556894727e+00,1.442579262833049825e+00,1.669523137069162999e+00,1.528142357284608011e+00,1.487122809848827387e+00,1.318672658857764191e+00,8.521487411081238861e-01,8.029099369048466883e-01,9.036556606312586837e-01,9.548207058814242032e-01,6.692260505228802003e-01,3.380160402041880729e-01,-1.222806008743049233e-01,-3.843994757192277234e-01,-4.227248677672648114e-01,-9.389607310696845843e-02,8.285224885353486002e-01,1.824914512295492841e+00,1.684797129537891180e+00,1.103964572720187221e+00,8.442261950793650271e-01,1.193246932416606398e+00,1.766821315920374502e+00,2.425722785635585410e+00,3.097553691978220058e+00,4.191530246062761478e+00,4.992859952151576408e+00,5.504407691951406889e+00,6.256203019669847265e+00
6.861604181358686105e+00,6.753771368581361401e+00,6.499095016871962116e+00,5.806674779601806335e+00,4.916704157790810825e+00,4.400529509120630678e+00,3.576290309414254409e+00,2.083717429745867378e+00,1.452596519065899372e+00,1.155984691590809632e+00,9.545690364032921593e-01,7.181627095933791338e-01,7.662563756509257473e-01,4.623537277260894029e-01,-1.407834253993840434e-01,-5.213578110457888215e-01,-2.944995484450672052e-01,4.935918614288681283e-02,4.155107952128744842e-01,9.272866853393679776e-01,1.468768852781053624e+00,1.345304705866631423e+00,1.092682669241945348e+00,8.345580640367344927e-01,1.141435678225043659e+00,1.924927136456162202e+00,2.251576075424310375e+00,2.280145607873514280e+00,2.104747753839554036e+00,1.912850626931941633e+00,1.513353012834031119e+00,1.273333887768608008e+00,1.348088332770728925e+00,1.986913099375570368e+00,nan,nan,nan,nan,nan,2.114823949147996984e+00,2.278773655167675827e+00,1.864516100038137836e+00,1.673771008491620194e+00,1.178764058092674816e+00,1.810494055844671379e-01,-5.666064779408372942e-01,-1.567929744501270761e+00,-2.398298471692115186e+00,-3.119469302097016339e+00,-3.411858781432620447e+00
-4.298817361556302785e+00,-4.746322503143481697e+00,-4.362727124243747312e+00,-3.395733534668295306e+00,-2.440364006755984860e+00,-1.450786827550324176e+00,-5.093635997928132042e-01,9.441273129751266424e-01,1.635528152363590948e+00,1.869734879547067408e+00,2.332086340516326572e+00,2.596102389602059191e+00,2.429184904373883569e+00,2.533140271860972348e+00,2.566615760060592777e+00,2.651304307381629144e+00,2.216787519567617437e+00,1.624410110719757938e+00,1.357866121325692177e+00,9.234052715753335860e-01,6.758759163843777173e-01,1.222377489518905236e+00,1.709296350091307204e+00,2.254167655885069621e+00,2.363365774875049397e+00,2.048145821882187079e+00,1.578785212630656076e+00,1.078260460439921076e+00,7.254612860244762373e-01,8.600565640633561770e-01,1.116291564373341316e+00,1.368882191057934961e+00,1.195965239594436014e+00,5.193243350269298730e-01,nan,nan,nan,nan,nan,-2.215258812768112762e-01,2.042634551246678143e-01,7.634844159423579413e-01,1.147094347492732425e+00,1.883565889419585915e+00,3.088258460177904396e+00,4.464623273372076540e+00,5.458473881382616355e+00,5.901530919651058582e+00,6.232800309523263138e+00,6.482026777580394139e+00
nan,6.764855053571658061e+00,6.376066875509295073e+00,5.867161884124840299e+00,5.653717797087118413e+00,5.186492079729895011e+00,4.296055447851884423e+00,3.076909064133637628e+00,2.097491241906539017e+00,1.235453789484076026e+00,6.827494621244909467e-01,2.506289176794993523e-01,-2.017036071888753668e-01,-6.363388785450396767e-01,-5.342151838758368854e-01,-4.006706196434706158e-01,-1.300089141907605494e-01,6.687768422797191192e-01,1.266242099076379191e+00,1.814833604538968359e+00,2.155861134474143626e+00,1.753915115711755845e+00,1.360399282951597399e+00,1.154761896157914691e+00,1.351385063056923741e+00,1.643775546566125456e+00,1.971616037144819700e+00,2.240036568735177980e+00,2.038528757361525834e+00,1.236989847225885342e+00,9.555522456628864347e-01,7.379518644394522653e-01,8.594548417870981893e-01,1.616452802717006421e+00,2.498361645413353926e+00,3.005918185269024434e+00,3.312089163776036571e+00,3.431175551567832827e+00,3.095877486950392665e+00,2.815998169072841506e+00,2.539166081123887864e+00,2.283970745171266969e+00,1.683867741760181502e+00,1.274089061542312606e+00,4.724064164034729174e-01,-8.032991959360344936e-01,-2.055345756378223143e+00,-2.763556895473456620e+00,-3.046971674173853728e+00,-3.655206790228746172e+00
nan,-4.227095076317176847e+00,-3.592927086729609698e+00,-2.858294289999236071e+00,-2.278386817831915323e+00,-1.915558153502047389e+00,-1.268707761691317160e+00,-3.770085440566433022e-01,7.934868696074701688e-01,1.659775799404727081e+00,1.857296038870693167e+00,2.071709929552511653e+00,2.504525696526854972e+00,3.128343098711880543e+00,3.550477895723723520e+00,3.640375927345949947e+00,3.449001610017432995e+00,2.546272936862159497e+00,1.556382065086246769e+00,7.835262369451356790e-01,6.618299715766653435e-01,9.983603139092025458e-01,1.255562471174890504e+00,1.393594658633574568e+00,1.434536333872877378e+00,1.215880094787976873e+00,1.041472870541028328e+00,9.788246284017318999e-01,1.084743004340730010e+00,1.633894289457238358e+00,1.842930200089860193e+00,2.102176425284838501e+00,2.232669280876571349e+00,1.708567949429266264e+00,7.850995506835261040e-01,-2.926347603595900182e-01,-8.105847218805095622e-01,-1.141100028743743167e+00,-5.955383779784497733e-01,-7.684794811374473511e-02,4.397135061688075552e-01,7.938087487473239889e-01,1.391142639471041775e+00,1.852043448867604525e+00,2.244253359816212878e+00,3.219643807904560617e+00,4.741598886787890876e+00,5.746377580786102612e+00,5.747036202972338970e+00,5.645445517969299942e+00
nan,7.872787118705318221e+00,7.065593054764839565e+00,6.214201094862765729e+00,5.458146223200181169e+00,4.451669840797130462e+00,3.306765640284623942e+00,2.411300626652035817e+00,1.724303748591971441e+00,1.270571271104373068e+00,7.181464307415694748e-01,3.037490790990062806e-01,-2.402231151298224177e-01,-8.930653380788697859e-01,-1.332201307002613078e+00,-9.390569067620972987e-01,-3.082339005665133413e-01,5.858060241830500559e-01,1.426303454183866393e+00,1.811439687846409186e+00,1.532213399721712221e+00,9.978753872312040585e-01,6.828222232605867248e-01,7.567962617010692838e-01,6.548163690570945050e-01,9.840932178427763688e-01,1.330919240698221984e+00,1.576024107847516120e+00,1.754222491685666796e+00,1.603505448886203055e+00,1.615852609239574633e+00,1.759481824639983927e+00,2.221775501571698896e+00,2.524999953246620521e+00,2.697388070267592752e+00,3.085944769356125050e+00,3.307498981160001961e+00,3.507678224307035464e+00,3.107772899615056872e+00,2.562086889319431293e+00,2.117699425777082922e+00,1.790750284199560838e+00,1.567318929910079817e+00,7.392595350578332614e-01,4.491679232321885706e-01,-4.158936831044002247e-01,-1.909985284268366001e+00,-2.976860961345096257e+00,-3.340281153255617141e+00,-3.366206466192934954e+00
nan,-5.294375591654628010e+00,-4.408739569831503502e+00,-3.313592528022503814e+00,-2.525904708909713747e+00,-1.247256713986487853e+00,2.380009434438363769e-01,9.063054509242647327e-01,9.738214026338738449e-01,1.174181892644448055e+00,1.903512289879813579e+00,2.467600213250655372e+00,2.961735708951451329e+00,3.551598778259915434e+00,3.688449995381809288e+00,3.358362343986414089e+00,2.991717251813732048e+00,2.538621100561236688e+00,2.255212621598396083e+00,2.340433594346002621e+00,2.116187382304445919e+00,2.084873372469992603e+00,2.398408173136942878e+00,2.430495121766682587e+00,2.061612792536017480e+00,1.336049578313748043e+00,6.470807145669823512e-01,2.690933413777187866e-01,1.558304658940343757e-01,2.661536083762996441e-01,3.030886131231724789e-01,2.743922532795153302e-01,-3.815940561715791546e-02,-1.530171048099049358e-02,-5.844269204673935292e-02,-2.218646741943715028e-01,-4.932221727998253868e-01,-6.233579535139028849e-01,-5.811098913365384533e-01,-4.265789893111247011e-01,-1.587673145440220424e-01,5.812348541088780962e-01,1.437836737291725342e+00,2.719527045347220451e+00,3.302117011353253417e+00,3.853177634647529715e+00,4.320011549359371372e+00,5.081651763526316756e+00,5.946306264091390403e+00,6.886707668355192880e+00
nan,6.962098393055853762e+00,6.312752810092455036e+00,5.352529473852364106e+00,4.623557881212256859e+00,3.804147091319421747e+00,3.216124857096353651e+00,3.247425140510259212e+00,2.790115301229100453e+00,1.983281411004185202e+00,7.126692965055099194e-01,-3.098192779571320443e-01,-8.017531056163420544e-01,-1.021485033465317827e+00,-8.648638477438197469e-01,-6.955262692129053903e-01,-4.118289939984123293e-01,-2.137931672368083014e-01,-1.542968343244908169e-01,-2.088021290767514415e-01,-1.722344339288639503e-01,2.830442507591399703e-01,6.736494266745083337e-01,1.019095911013948808e+00,1.525032021873812482e+00,2.052909112842698391e+00,2.788663193905250637e+00,3.022334051043550573e+00,3.224039068118173645e+00,3.028265470006722637e+00,2.814923583903322424e+00,2.571162004056667172e+00,2.207985309512281447e+00,1.681885231071831299e+00,1.533858674077094975e+00,1.909495957216840623e+00,2.411698559535444986e+00,2.725010532801142915e+00,2.833828325661023939e+00,2.895201056674530093e+00,2.657857795966798164e+00,1.894786196952225055e+00,1.113655367802650176e+00,6.097681683973377176e-02,-5.608805115202528668e-01,-7.119778820095632454e-01,-8.350404500178640887e-01,-1.464698294074700868e+00,-2.631308459599367211e+00,-3.961222076802599190e+00
nan,-5.071554034368027430e+00,-3.748676218525346826e+00,-2.533779359292715583e+00,-1.382211451112034695e+00,-7.525604075836156426e-01,-7.049427613410159665e-01,-8.154922483629150065e-01,-2.832995159608984181e-01,6.936369031838438559e-01,1.515379728214760746e+00,2.313480531401005180e+00,3.029098289787519604e+00,3.138628835308793441e+00,3.071550501172737313e+00,2.732813827027825937e+00,2.196806159838082806e+00,2.178543106523683548e+00,2.213532729120792908e+00,2.433234677186057127e+00,3.014412051497131984e+00,3.150202254838077920e+00,3.008565648791908131e+00,2.646297689601126990e+00,2.309350246335696966e+00,1.874501087298298785e+00,1.406756693335225350e+00,1.138155363754918881e+00,8.571240773565591553e-01,9.486242072884465415e-01,5.466414326196868956e-01,3.111338411622099898e-01,3.589767032374027167e-01,4.594733522400176184e-01,5.847487849388102177e-01,8.318307354615228633e-02,-1.903157808493034509e-01,-8.288648431549390239e-01,-9.211973390981214038e-01,-3.276055914544997449e-01,3.391527526537743142e-01,1.044144290019289656e+00,1.941069753926292663e+00,2.947810897419103071e+00,3.518554669223050269e+00,3.360079683089907121e+00,3.368383687671581583e+00,3.837835865431763693e+00,4.796372598412773414e+00,5.998622498618011889e+00
nan,6.970982869591381359e+00,5.989544319087492852e+00,5.134011233831238030e+00,4.314019470149325741e+00,4.015612861829296776e+00,3.977867777476525646e+00,3.812191418979701041e+00,3.247467653713293601e+00,2.316206422245542740e+00,1.466698476934524820e+00,9.495362496109081007e-01,1.544582550204722793e-01,-1.719228476565319852e-01,-4.121081614134425308e-01,-2.877122292380960289e-01,1.715862493425532875e-01,1.593804969252516912e-01,3.079705715514649000e-01,7.658635389652204140e-01,9.401750648240891906e-01,7.183159888827219675e-01,4.046069041346100903e-01,4.152464183977286893e-01,4.712734876408859463e-01,8.140286615372076540e-01,1.156536617548653112e+00,1.564506742813605911e+00,2.055777109759304722e+00,2.014727293537134756e+00,2.370386942336466518e+00,2.471850314790700054e+00,2.337827338744247641e+00,2.167196008862561030e+00,2.214395147592036039e+00,2.475739936236834637e+00,2.668513022866896733e+00,3.297121545424644751e+00,3.524183986500247556e+00,2.990367932459939482e+00,2.305700803140602773e+00,1.428265098201087824e+00,4.182475154721032595e-01,-1.251472417467454079e-01,-5.498506122740423052e-01,-7.151388294614662300e-01,-7.733402278776537742e-01,-1.349356193896397826e+00,-2.435164205719615893e+00,-4.359953533472065601e+00
nan,-2.485627019963636997e+00,-1.687479456392409816e+00,-1.739041430905743368e+00,-1.748182798413409955e+00,-1.741756818639203175e+00,-1.525090072354856829e+00,-1.127904111834297396e+00,-5.202762892260466288e-01,1.971575959228886177e-01,1.160490531019775062e+00,1.700275995680968322e+00,2.149465378192971343e+00,2.277139508673386104e+00,2.217391905446660871e+00,2.098643170915963196e+00,1.984071688475964379e+00,2.139563721589098577e+00,2.378629275177956970e+00,2.206171895189470433e+00,2.272760307065141205e+00,2.266240289428836263e+00,2.103755191029136995e+00,1.745496772867994650e+00,1.616854187401926879e+00,1.371091088887425258e+00,1.154154260737712434e+00,8.440527314705690287e-01,6.259075553027173555e-01,9.233392512480520509e-01,1.107072869488007427e+00,1.211944679073539533e+00,1.021696552498084998e+00,6.739351571086729109e-01,6.054047139035532155e-01,5.901043011245548087e-01,3.940961540856875445e-01,-6.775031575131151840e-03,-4.485685634026594926e-01,-3.787550272913904337e-01,1.611254797720391707e-01,1.180611097300342749e+00,2.095231420613615114e+00,2.628580054946795030e+00,3.221899703645547675e+00,3.648312296616794015e+00,4.153698881539597210e+00,4.666626856086850239e+00,5.186135655834121394e+00,6.506602021678986603e+00
nan,3.909046350303476913e+00,3.804220560420120023e+00,4.421584065078405956e+00,4.793175829080226436e+00,4.264133509654499221e+00,3.689498688908827262e+00,3.025567514333744157e+00,2.452129554054252480e+00,1.861588517829687817e+00,1.317587647036958742e+00,7.406374156511361662e-01,2.328723414379538781e-01,5.984870073377805966e-01,1.168186399955331467e+00,1.476939593504155823e+00,1.433374745552811191e+00,1.278600262660646081e+00,9.680014683756326122e-01,7.010530216207371268e-01,2.724690393285271739e-01,2.863805896879512147e-02,8.224174265690464836e-02,3.122764925237362377e-01,7.281030384847468895e-01,1.066262368298097840e+00,1.161609016485797952e+00,1.591920275296075715e+00,1.605291609962819166e+00,1.559178896308083040e+00,1.826701270351122730e+00,1.881793612990222186e+00,2.038806472924775903e+00,1.949412651545586073e+00,1.673280483038666944e+00,1.515072472760124356e+00,1.661279514063664919e+00,2.271166630144492160e+00,2.796050689221331709e+00,2.733580119932625507e+00,2.306887431425607815e+00,1.310528133385503224e+00,2.800645322842001406e-01,-4.187188108819555055e-01,-1.171732318506556680e+00,-1.445484042895543553e+00,-1.433165177939486057e+00,-1.616384650899334474e+00,-1.587757657102557118e+00,-1.308216221643661470e+00
nan,-1.254671538669555275e+00,-1.877329121468520157e+00,-1.875074649852535913e+00,-1.825393932897995342e+00,-1.331569919564344673e+00,-1.147795130153866694e+00,-6.646118713915285525e-01,4.842707343193808356e-02,9.379725606985971353e-01,1.710665304928099317e+00,2.536292286277259223e+00,3.065194774862547433e+00,2.475545123506506684e+00,1.796793598440288520e+00,1.292707593896309959e+00,8.889442287222948380e-01,1.011051574297056277e+00,1.428620323882213938e+00,1.541776834771127369e+00,1.735777423013487919e+00,1.842973072333251139e+00,1.708700337752929954e+00,1.569272447435267281e+00,1.388195407360583999e+00,1.492807652159171994e+00,1.442400577830326824e+00,1.304260211069845354e+00,1.178292996073821541e+00,9.348717256802245856e-01,4.401744020467077689e-01,1.072563003059201492e-01,1.467685765247495056e-01,7.521595311615385526e-01,1.115226904160493859e+00,1.372849097607954150e+00,nan,nan,nan,nan,nan,nan,2.630424881634482404e+00,3.310869608077737780e+00,3.927307258774519028e+00,4.269020595543011609e+00,4.007620872216065777e+00,3.925059918916517177e+00,3.962491453662920549e+00,3.488296947784178315e+00
nan,3.239800427483771728e+00,3.675039874142029817e+00,3.733504494163398135e+00,3.920037432783118447e+00,4.385525910699612950e+00,4.535572691097158327e+00,4.184267152611027996e+00,3.523263497036339231e+00,2.557486731785616030e+00,1.542633681447924232e+00,5.568615058545418606e-01,-2.197920968898898764e-01,-5.197547587437156835e-02,2.452595583912682287e-01,7.726451119648771737e-01,1.181294790480748702e+00,1.085433624853010315e+00,7.734654433785266292e-01,5.529256920473955006e-01,7.586739630266521317e-01,1.602100167616171689e+00,2.191862681593519824e+00,2.429563712774921669e+00,2.193605459825406001e+00,1.656702860527531129e+00,1.222085029539897505e+00,8.281382325994144367e-01,8.190129756470412303e-01,1.181466692417430409e+00,1.554851344183518336e+00,1.993122954921673795e+00,2.245872774640901071e+00,2.326850119847563292e+00,1.989303187657810668e+00,1.653983916874395277e+00,nan,nan,nan,nan,nan,nan,5.639117810615630333e-01,-4.397864210359898607e-01,-7.960066343340628237e-01,-1.139442323412168889e+00,-1.331843568591807525e+00,-1.388100472384692807e+00,-1.417584749629938301e+00,-2.375005900742536369e+00
nan,-1.575778610218492304e-01,-3.881111392184095621e-01,-1.199552008274181958e+00,-1.682267610460229434e+00,-2.114319786591153161e+00,-1.855608967812301557e+00,-1.452653907780884879e+00,-8.774324890746498795e-01,-6.247126269502700779e-02,1.198742369634715033e+00,2.468701343683008531e+00,3.346809566712892092e+00,3.388605960338210821e+00,3.269296499094622277e+00,3.165009943705342721e+00,3.154856523332298934e+00,3.172393012182595839e+00,2.925501060334696035e+00,2.596308425858481428e+00,2.008315206571126055e+00,8.768566451598331923e-01,3.166602070438528926e-01,1.498596892724748386e-01,4.526580494375167518e-01,9.715198866680907486e-01,1.681533830624701409e+00,2.198640289078738874e+00,2.220228316574520022e+00,2.058652283846882369e+00,1.457599375141924725e+00,7.598921626320844780e-01,1.830243081249989245e-01,-3.850243418999355072e-02,2.281017376072895786e-01,4.578921304114800250e-01,1.915454986154117023e-01,-1.296636319362107770e-01,-4.774760791245711289e-01,-4.361122051164585400e-01,4.746402716405526689e-01,1.709999845961533538e+00,2.965238402817291785e+00,4.039713706443322394e+00,4.161904383610178115e+00,4.174487934577356896e+00,3.939485920777713091e+00,3.554011169918226187e+00,3.041534032645770935e+00,3.738850185999169184e+00
nan,1.496813137342144273e+00,1.957799792578470033e+00,4.141785216125754232e+00,4.765658904733768964e+00,4.953874348355100210e+00,4.875117948103351750e+00,4.662703698614549808e+00,4.015835518409858196e+00,3.125409944662536077e+00,1.618737826012932146e+00,3.162934529153034191e-01,-5.337026520091825432e-01,-8.126552714567765179e-01,-5.221866465471407537e-01,-5.694447673296423318e-01,-5.640889696693704991e-01,-7.062449650962037140e-01,-5.475108137291329058e-01,3.883966545900534584e-01,1.334114078135186787e+00,1.958451456867294382e+00,2.067068830464492635e+00,1.920838530257896082e+00,1.525510838793564972e+00,1.156579709411218460e+00,6.771751752326338192e-01,5.232376297850436231e-01,8.564239654074299324e-01,1.088526420015611507e+00,1.747094710017023544e+00,2.362662468753072176e+00,3.134747024974714691e+00,3.588963545425514212e+00,3.659192071919889599e+00,3.746042819029867132e+00,3.666884275305392293e+00,3.537647603191672374e+00,3.517142853904871913e+00,2.954298023208309587e+00,1.903066693452274194e+00,6.691636142606682824e-01,-6.955591265404166279e-01,-1.959874129405193344e+00,-2.226627694426014159e+00,-2.112451999518825119e+00,-1.467566546274667871e+00,-8.768530719587772637e-01,-2.797261152863086409e-01,2.221009925073076374e-01
nan,1.128798073194758445e+00,8.069408952716941030e-01,-8.769459483431063518e-01,-1.490522208065556242e+00,-1.874048802775277522e+00,-2.378340760851102687e+00,-2.519441649531827920e+00,-1.890452175300993076e+00,-8.987578903903141736e-01,5.064597668488062254e-01,1.705230417792151343e+00,2.939973445459173718e+00,3.694409043036188223e+00,3.778160246336810246e+00,3.720872213854491406e+00,3.549418943698753992e+00,3.360690900244279078e+00,3.127818549564622685e+00,2.393497084463490410e+00,1.344390000462539092e+00,9.726945101036932328e-01,1.098485973072570232e+00,1.243453426894689073e+00,1.221873170399575770e+00,9.878800180240432383e-01,1.070647088446833095e+00,1.251975692676197127e+00,1.377140580256323688e+00,1.363589659237192109e+00,1.149883422543780398e+00,5.347126864198799012e-01,-1.563442750014303328e-01,-9.195282822929158328e-01,-1.260179003796707775e+00,-1.070448396782907707e+00,-8.747988407293405544e-01,-7.480372870977731736e-01,-9.060683583474684610e-01,-3.066128362130342566e-01,7.408560701243089852e-01,1.828165304294685711e+00,3.114013521653873795e+00,4.163629985982638004e+00,4.722815683891383287e+00,4.805004014474164364e+00,4.488315264976691310e+00,4.187007934480448057e+00,2.990653854687437274e+00,9.045500280629283907e-01
nan,4.795061047095998674e-01,2.653442273188701961e+00,3.775269515974756018e+00,3.990639587932477639e+00,4.165915296664493894e+00,4.504101138545593130e+00,4.570303327912640157e+00,4.110250012556349475e+00,3.316676243798269752e+00,2.067031848395771476e+00,9.248564234562479669e-01,-9.779865486457595125e-02,-7.569080444338140978e-01,-1.260230092780673772e+00,-1.493480573532409039e+00,-1.451864880456071205e+00,-8.911785943098067264e-01,-3.955995871378092943e-02,3.251252485253814939e-01,1.046642011133471328e+00,1.030511805729688035e+00,7.818572635913341173e-01,6.884041779363059277e-01,1.108656610096076633e+00,1.538721925636281185e+00,1.454537311008223810e+00,1.391569173970594875e+00,1.300982078249049323e+00,1.249696703783158114e+00,1.248537759204992881e+00,2.080158989087593113e+00,2.602542158533296401e+00,3.203976850628748707e+00,3.799331887586845369e+00,3.957771736214880320e+00,3.946220906151424401e+00,3.846637961330046096e+00,3.993745678210530059e+00,3.441675861950685089e+00,2.501430295322606412e+00,7.475497380150812887e-01,-7.206399888451926472e-01,-1.519744630552111175e+00,-2.212914053749187815e+00,-2.346039960043469819e+00,-2.159450080368287672e+00,-1.654075982695218272e+00,-4.800608749869610392e-01,9.813163450327806459e-01
nan,1.242940796020320704e+00,-9.000158416409220763e-01,-1.453839581268240977e+00,-1.625445371482015844e+00,-1.945666679913060193e+00,-2.191792879793908355e+00,-1.891419010145881430e+00,-1.272236571188315679e+00,-1.992084757283265617e-01,1.354491436725894005e+00,2.502132853053765871e+00,3.353073079121571709e+00,3.778209896977784865e+00,3.821201450679041045e+00,4.059615661407235621e+00,3.922199933693619300e+00,3.415515265505959519e+00,2.414219184023380649e+00,2.038156595777422808e+00,1.760464324814364545e+00,1.813761508851243320e+00,1.858138547989781841e+00,1.752393006045195989e+00,1.502058673525240806e+00,1.221155614902400544e+00,1.541687466455826439e+00,1.451194996171750518e+00,1.207785948336152160e+00,1.167973320109410906e+00,1.208737227940460457e+00,9.503679177347379436e-01,5.289442675502016300e-01,-2.428181860886695631e-01,-1.051025447851131389e+00,-1.662685663652737844e+00,-1.568628796674275350e+00,-1.089760872979738338e+00,-6.489115164825989268e-01,-1.938641623456902607e-01,4.512491076225444431e-01,1.708378935702171475e+00,2.908894990326842844e+00,3.829411518231125910e+00,4.403442353835984591e+00,4.396989450509153130e+00,4.201610598453996204e+00,3.760054701961607293e+00,3.416952711127336784e+00,2.727168589548526256e+00
nan,2.529202321810188892e+00,3.811785821895597337e+00,3.188802026467371320e+00,3.390718931420678928e+00,3.797884115429511098e+00,4.459115578539538660e+00,4.195631389646109710e+00,3.578173205964603198e+00,2.719641177173301116e+00,1.246239638311479325e+00,1.799524316020182368e-01,-4.425834523870975090e-01,-1.000142101154509078e+00,-1.162807440876306941e+00,-1.616508295612433699e+00,-1.413521907994123694e+00,-7.988094808338672692e-01,-6.719907482803932908e-03,7.860526154091473927e-01,1.146925268353939487e+00,1.480758555209874316e+00,1.430897490273892458e+00,1.467096272447491856e+00,1.407230631068514981e+00,1.180152265149359891e+00,9.358994879152220392e-01,1.267658888101820480e+00,1.638901111503273000e+00,1.826539322702899426e+00,1.734907856793824976e+00,1.791258077818199013e+00,2.135513847352228822e+00,2.836296130248214808e+00,3.485712643502907326e+00,3.728813581502222974e+00,3.639323247038646514e+00,3.256179788411202480e+00,2.819769420517530989e+00,2.701644966447517504e+00,2.210729454640969038e+00,1.643622400827766228e+00,3.865010731995255355e-01,-1.000548758929355131e+00,-1.753474915308714799e+00,-1.883894521914271536e+00,-1.552354037650843566e+00,-1.365559962206532418e+00,-1.032172369903335607e+00,-3.380329041262370993e-01
nan,2.750698384324294921e-01,-9.082914148039833435e-02,2.054324456667444565e-01,-1.635130647325837572e-01,-7.154674074709390652e-01,-1.316132557940150605e+00,-1.506314199110306618e+00,-1.185300319238791644e+00,2.799429511588868991e-02,1.417179356868302875e+00,2.413146614954470692e+00,2.671391148393340131e+00,2.995815459759100463e+00,3.269307089043365977e+00,3.614757232999934899e+00,3.676838402577445208e+00,3.262292057976750925e+00,2.842689747286456736e+00,2.449441101347716199e+00,1.725888762098406914e+00,1.515285309019546389e+00,1.845991347104373403e+00,1.839787990570101783e+00,1.494198071987725029e+00,1.353110444675678536e+00,1.330142031437873129e+00,1.071799462532268876e+00,1.012786280522959714e+00,1.010610463812696480e+00,1.203051725230523061e+00,9.395076539807121208e-01,5.798853562439489906e-01,1.461360292137214856e-02,-7.113983953978504360e-01,-1.152629068207943419e+00,-1.298187144209677513e+00,-1.052332855138843115e+00,-6.817285405644213370e-01,4.776859522215204379e-02,1.060151263264998533e+00,1.907178349485334934e+00,2.889530370484436617e+00,3.943937231443428004e+00,4.489128505655827439e+00,4.420429033255288687e+00,3.682116793652397746e+00,3.334529308136225723e+00,3.142122123509892617e+00,3.390964235538405092e+00
nan,1.568359520165159893e+00,1.667961968721854760e+00,2.357569910683935177e+00,2.636951072658945350e+00,3.486835270461881464e+00,3.967323294440276982e+00,4.460247711627559397e+00,4.391980524446651657e+00,3.228018135567509717e+00,2.160902127709576348e+00,1.299911496531024113e+00,4.933297611314770847e-01,-1.435000024332282464e-01,-5.506220288508671956e-01,-9.939487982073558214e-01,-1.039929085597421476e+00,-5.657729331284144791e-01,-2.369410686225137397e-02,1.556861270915987916e-01,5.819669822021893424e-01,3.933795610551271693e-01,1.032890569177027373e-01,4.360812749567344326e-03,1.500978708065758838e-01,8.977962844262350472e-01,1.724838505061583760e+00,1.974699068264527568e+00,1.934547216492433108e+00,1.739960636319125342e+00,1.562463558987644774e+00,1.667537370217146986e+00,2.002175358112765480e+00,2.585085269579565193e+00,2.925243166393329375e+00,3.324212021943679929e+00,3.675393817394763119e+00,3.618500672318162970e+00,3.289181952102708806e+00,2.499908748788371327e+00,1.385452781492205077e+00,4.949773958861385381e-01,-3.362603643458186298e-01,-1.057600360680922336e+00,-1.417655345553797019e+00,-9.098907009958026038e-01,-2.812986144317619619e-02,6.484146089479594366e-01,9.654049131066244627e-01,1.124827245366020634e+00
nan,1.829849036378803362e+00,1.404305962352637493e+00,5.941263523125428492e-01,3.610775121383085207e-01,-2.007308400348222222e-01,-8.943088523476490082e-01,-1.263597560882956827e+00,-9.216604073200755920e-01,-1.954626654584927792e-01,4.493757511022380413e-01,1.020883462521084084e+00,1.855782141262452001e+00,2.643945289983520297e+00,3.234286536087765285e+00,3.721416996863339932e+00,3.511449676451434243e+00,2.883813326592658655e+00,2.321470395387052577e+00,2.120233476652558124e+00,2.158972262797348662e+00,2.381213265851414462e+00,2.364955938785840317e+00,2.461704334883663137e+00,2.625378913918879675e+00,2.077152157235829577e+00,1.016631634840962306e+00,3.447173507212824006e-01,-4.632365380963676671e-02,1.287749739624501899e-01,3.015171069761350964e-01,6.421610154999086717e-01,5.321365845378096537e-01,1.961434889837079254e-01,-1.035474938246778720e-01,-8.829835193348856137e-02,-3.250545426293172113e-01,-1.702836503128821732e-01,2.076043561134923721e-01,8.047690253604855570e-01,1.531360725302647552e+00,2.161628241364667247e+00,2.893230771883494867e+00,3.562013823192813788e+00,4.022953282084742455e+00,3.603160093355043614e+00,2.828905619597207988e+00,2.057022753595902032e+00,1.821521917098806398e+00,2.012161669895590421e+00
