3.766062940300313411e+00,2.556750624235130331e+00,4.218268383786016429e+00,7.274327413095816652e+00,8.859904577434159378e+00,8.861831539969413640e+00,8.611191455043844201e+00,8.427753528695181018e+00,8.751463625182591244e+00,8.588200859717330715e+00,8.713033732898740169e+00,8.766824748104076193e+00,8.843323879273320642e+00,8.643480850980177266e+00,8.547537734108823670e+00,nan,8.710249077027990339e+00,8.415950562081421893e+00,8.300990386384256681e+00,8.276387805157218835e+00,8.236143544684180640e+00,8.343797537197707115e+00,8.346374548658822334e+00,8.221464648068565140e+00,7.936835843982697369e+00,7.713738917831180153e+00,7.803624090736396290e+00,7.448664907376300270e+00,7.510818766776717226e+00,7.171140363537703344e+00,7.269093533283397690e+00,7.503944026861153915e+00,7.262304142289087494e+00,7.332669578797988308e+00,7.507011030701591814e+00,5.196641734236293608e+00,4.378153713987771312e+00,6.335817101690319753e+00,6.180550763980858342e+00,6.444075695749845956e+00,6.139394173980097236e+00,6.439650521150823259e+00,6.611038871178401166e+00,6.793741169711368322e+00,6.605757933337686794e+00,5.206676934156121206e+00
5.751555955238807805e+00,5.729383449669865236e+00,5.116560758512477491e+00,4.907595364455847431e+00,4.754798969407974418e+00,5.015704099624057832e+00,5.069583426354749456e+00,5.067433068454377576e+00,5.100213932045869925e+00,5.037204305326251408e+00,5.118662730176495756e+00,5.227648765293941402e+00,5.179573004698765359e+00,5.177757397084604030e+00,5.214426232525081417e+00,5.204028838686370229e+00,5.070498422039361408e+00,5.246236527895208113e+00,5.328226515873226710e+00,5.400412658330269622e+00,5.531662491700457984e+00,5.716580490083793542e+00,5.735390566274298330e+00,5.589142428999234191e+00,5.591456332406193219e+00,5.401703348283140471e+00,5.509957335876133122e+00,5.495333394570549146e+00,5.264523934708242869e+00,5.092677643541774657e+00,4.940314485835459735e+00,4.574006424428197271e+00,4.582733616767484364e+00,4.733950268479702572e+00,4.647923196759328412e+00,4.285234477686869603e+00,3.987128831269239448e+00,3.879002473345227298e+00,3.815761980908129569e+00,3.716747046352418149e+00,3.549749555064647843e+00,3.817457777049450218e+00,3.701371894592119904e+00,3.645182475825488044e+00,4.355142777858276304e+00,nan
nan,4.586420814493513021e+00,4.177051927612394522e+00,3.777468745985603338e+00,4.448372889664346630e+00,5.635233090918639220e+00,6.142939568011240858e+00,6.196664819777588207e+00,6.062471737496284874e+00,6.079493097393092071e+00,6.186894443540474242e+00,6.191712792642777075e+00,6.198224612129521915e+00,6.202985284083300854e+00,6.317309407097170926e+00,6.334366738642749795e+00,6.297642295463435680e+00,6.296925453720042754e+00,6.306617538126988443e+00,6.149426324152887702e+00,6.056092177667608212e+00,6.223592070563424450e+00,6.238133159557246898e+00,6.520105293876432562e+00,6.365855747956911337e+00,6.258246552998340206e+00,6.187415726227880164e+00,6.032597260036101972e+00,5.979576178774530071e+00,5.889233721101944319e+00,5.594842022998260056e+00,5.681559978731069549e+00,5.634585598570080123e+00,5.467059510134897771e+00,5.215186337156113794e+00,5.014140088695980602e+00,4.811144816845732919e+00,4.598554317355184828e+00,4.623693518643385403e+00,4.428381365133562397e+00,4.307614037414793096e+00,3.960962772837300694e+00,3.792387386417127804e+00,3.709617375610394951e+00,3.676491653593886522e+00,3.278688559418529103e+00
5.655093517268720227e+00,6.191652871120281176e+00,6.102614232696637053e+00,5.842245928016676970e+00,5.651380955722861366e+00,5.736729241340897900e+00,5.762838755138337099e+00,5.834758865122108951e+00,5.845343736627261144e+00,6.140074715759793023e+00,6.203757254021065926e+00,6.265138323799007480e+00,6.108260513806422765e+00,6.176644584631625357e+00,6.196037479462362718e+00,6.385314587232147510e+00,6.097904265404890722e+00,6.392294324726971233e+00,6.605023074788195281e+00,6.622204186671797999e+00,6.643430593269289197e+00,6.784246511937261026e+00,6.849693662600828681e+00,6.630131304569115258e+00,6.594456279372145069e+00,6.573774560328258687e+00,6.600557414522775446e+00,6.742826148266027886e+00,6.424203589822135463e+00,6.163789363452522707e+00,5.803008839808446950e+00,5.664142838316867490e+00,5.687386365336203120e+00,5.599869269013206363e+00,5.410901152424151483e+00,4.993464544079394329e+00,4.737786242661873537e+00,4.542982497349712823e+00,4.440507716793421267e+00,4.260593992167840405e+00,3.856629523472542509e+00,3.699880348406041630e+00,3.800358035498311082e+00,3.828795633156218514e+00,4.138710784208061710e+00,nan
nan,4.776061534819318055e+00,4.915680625081324528e+00,4.668641205423065266e+00,4.891872881033899390e+00,5.417244451113164772e+00,6.274424457897783469e+00,6.666430253198377898e+00,6.680499714003376610e+00,6.581967718812427925e+00,6.792015804310000071e+00,6.930906298586620551e+00,6.863791491142089640e+00,6.939105785138615978e+00,7.305393321298022435e+00,7.292633335350192425e+00,7.202142267907577278e+00,7.247725250981297940e+00,7.255058246511461917e+00,7.330409128533219132e+00,7.293541795794129534e+00,7.245101575883124312e+00,7.371580472380673932e+00,7.636940124929869178e+00,7.653967554699325326e+00,7.440621879082368828e+00,7.371692639177134687e+00,7.362134838996544417e+00,7.227901830583508769e+00,6.952506688348556452e+00,6.921868549495904688e+00,6.977045438109992226e+00,7.000263166435574114e+00,6.790579965727239653e+00,6.382591706832089429e+00,5.948720251782263269e+00,5.801943115345904900e+00,5.621743979886691278e+00,5.412239973961216144e+00,5.486358620147782972e+00,5.200989385198312220e+00,4.800413319390597344e+00,4.584635241750935286e+00,4.352883944201335176e+00,4.292655915755664964e+00,3.854508622533219242e+00
5.730408201344443064e+00,6.340738869517491771e+00,6.432456578688904081e+00,6.453811033651713380e+00,6.351300779445790745e+00,6.441472070128857474e+00,6.527906446744904834e+00,6.639857677735697017e+00,6.933687735596316237e+00,7.193204429687978241e+00,7.271131201942758970e+00,7.359263873002051426e+00,7.282432680662974001e+00,7.382169893422810603e+00,7.497501457763745769e+00,7.458520971996693838e+00,7.521322320241437431e+00,7.721243045963184670e+00,7.982579832505966699e+00,8.080892917141948573e+00,8.122844292002350031e+00,8.139080680097224629e+00,8.045601211176121481e+00,7.902503704337992652e+00,8.103359088816798561e+00,8.205925465137468677e+00,7.995220472704478887e+00,7.707633512218407645e+00,7.401972307763297287e+00,7.291552247230814743e+00,6.782568019613171018e+00,6.574542609737402898e+00,6.621940373367076305e+00,6.613835846771906724e+00,6.134131775512682516e+00,5.835623933747572600e+00,5.592921580432737017e+00,5.146746095703877089e+00,5.039844700554112045e+00,4.628746072973454417e+00,4.221075370220147782e+00,3.739325703822292013e+00,3.800573361910143610e+00,4.223228750073705129e+00,5.037740498311030990e+00,nan
nan,6.632635180037965483e+00,5.470030992373111189e+00,5.335780964773982227e+00,5.426894767093898508e+00,5.736984625327049336e+00,6.276188694417772496e+00,7.148951469621539268e+00,7.352985323961966913e+00,7.415904771642312099e+00,7.014684197515378195e+00,7.251287954586013385e+00,7.604738240638714508e+00,7.885358019264817386e+00,8.037494682672866375e+00,8.483489381439740740e+00,8.480496107773200620e+00,8.162653800950463889e+00,8.311400098016353155e+00,8.581102044712261900e+00,8.617244333013776014e+00,8.429750312096606635e+00,8.614334092300509838e+00,8.940342458666290071e+00,8.960090856838522910e+00,8.910304187271002263e+00,8.834707106894477135e+00,8.481672730157455931e+00,8.017060378583138913e+00,8.316471905966974276e+00,8.400040210020970122e+00,8.165944364880219908e+00,7.962782433922430236e+00,7.616878575143769758e+00,7.452445519626788695e+00,7.200285138121316209e+00,6.784719754727855268e+00,6.454860878981084404e+00,6.311812076136517291e+00,6.325054100714525340e+00,5.887482027138048579e+00,5.606259092897301066e+00,5.377995823653837881e+00,5.035632595687451918e+00,4.708215949047385607e+00,4.194119444188657120e+00
5.918695745339618064e+00,6.775418463428970917e+00,7.209392989279277408e+00,7.014134077609994300e+00,6.788167381484053742e+00,6.947775782998118821e+00,7.190818088949074038e+00,7.437876935307969006e+00,7.840738280999233645e+00,8.044645742625137430e+00,8.347836091815931781e+00,8.336015235164243364e+00,8.294743838933362312e+00,8.408279248577919418e+00,8.706151361569730796e+00,8.708197879218207760e+00,8.651167624925351518e+00,8.741951008351572128e+00,8.841202016620313131e+00,9.073595935870375939e+00,9.422932717387729085e+00,9.355401395506456552e+00,9.081024988701749123e+00,9.215065988214526271e+00,9.098912285678315115e+00,8.901659618026032561e+00,8.910650030326753068e+00,8.723978299220391364e+00,8.284107323604477102e+00,7.970067906254122647e+00,8.141839289393882240e+00,7.716801664967463559e+00,7.367195009435497433e+00,7.177080685724654074e+00,6.903819580869734018e+00,6.862655853421268048e+00,6.478151235849612277e+00,5.933372001744681157e+00,5.639686100192033535e+00,5.048368985375400797e+00,4.246431401572411168e+00,3.835283689843322463e+00,4.290982819343840404e+00,4.881602311054785481e+00,6.225396828144296180e+00,nan
nan,7.556831082020483592e+00,6.160790108823754885e+00,5.475184528895272074e+00,5.660649336235158202e+00,6.075892392331518010e+00,6.851409023012580590e+00,7.614367218539721094e+00,7.890290184413956354e+00,7.819632181274783989e+00,7.830759102081072953e+00,8.025557467914508081e+00,8.112721968599469591e+00,8.604309050835219352e+00,8.992781649608120986e+00,9.310064338412056273e+00,9.369533592749069939e+00,9.339842875659238430e+00,9.285965630065661003e+00,9.370962102705727048e+00,9.520036937899048368e+00,9.613747408432498531e+00,9.732866346944604174e+00,1.011174959893699032e+01,1.017133772766345423e+01,1.016024402754202249e+01,9.904660072278526073e+00,9.491032422615012010e+00,9.405491740418838731e+00,9.641721016827846213e+00,9.748401400795717819e+00,9.317485049954207454e+00,8.845679817012438662e+00,8.377147774909913025e+00,7.965207971784664664e+00,7.895165387509947230e+00,7.643213760559841141e+00,7.340750261776659791e+00,7.171192961959490297e+00,6.870368651421043360e+00,6.579569139338230066e+00,6.240984533481931607e+00,6.014589581272531404e+00,5.678662514988475074e+00,5.117064983878404583e+00,4.305835731410971867e+00
6.246606033732977181e+00,7.432241020009908716e+00,7.807218300239273212e+00,7.515540217854273841e+00,7.269405656942661054e+00,7.482303904328198030e+00,7.869696116755339865e+00,8.131515515018785223e+00,8.679689006678700025e+00,8.999172794043412082e+00,9.122076755644355828e+00,9.226665343785565909e+00,9.134344293901685674e+00,9.319642499516342937e+00,9.734900620462909160e+00,9.897139810152928874e+00,9.774027857874733272e+00,9.830458568594233171e+00,1.011069351396688631e+01,1.025575063442691714e+01,1.022482808065882054e+01,1.032313204656080075e+01,1.027765208782428275e+01,1.040407309047895801e+01,1.032181589442264169e+01,1.020246494905657109e+01,9.923408001787322519e+00,9.481477853562095603e+00,9.231236888675157459e+00,8.737223364761049993e+00,8.577475060531620343e+00,8.349482369041163921e+00,8.216177195522620380e+00,8.003335858928988245e+00,7.512933953790553510e+00,7.292397851753636751e+00,6.845726224420618955e+00,6.429532460853138787e+00,5.935355837675971635e+00,5.411674871918383367e+00,4.630640325903429222e+00,4.324392135931885761e+00,4.351541203849939699e+00,5.432756673109316203e+00,5.988801304318593921e+00,nan
nan,8.547144368655251512e+00,6.859769861176641115e+00,5.890582012693850622e+00,5.862078617552072046e+00,6.573646037964143041e+00,7.348515651179248209e+00,7.937390428915212404e+00,8.462207248588823560e+00,8.318601322813284682e+00,8.360853025903875135e+00,8.389090440015152694e+00,8.882531740774481932e+00,9.307419060197313243e+00,9.751778362848922299e+00,1.001288091040569128e+01,9.984706074460827807e+00,1.002558084953815332e+01,1.007869563206716990e+01,1.046815262949077763e+01,1.073204419149907274e+01,1.065384843863240150e+01,1.069529048126324788e+01,1.100820469185023320e+01,1.095497670492899545e+01,1.092950807905259225e+01,1.085750969367348517e+01,1.077644176807164911e+01,1.064204714782972694e+01,1.048203546649694218e+01,1.055073735270980251e+01,1.026107804164754889e+01,9.840807616696206850e+00,9.340952935753973563e+00,8.974528517793775251e+00,8.629280317255901167e+00,8.498470525585080537e+00,8.147485019552835439e+00,7.868922749143608897e+00,7.702246944623110103e+00,7.497612563915582840e+00,7.047499852009340593e+00,6.542945643636969066e+00,6.182303328336327120e+00,5.560718348032813729e+00,4.789008077920551720e+00
6.944295374065130311e+00,7.752017871023501705e+00,8.128138112681677185e+00,8.127530451281089086e+00,7.933892218845842059e+00,7.854822064394673120e+00,nan,nan,nan,nan,nan,nan,nan,nan,nan,1.091422422988812002e+01,1.070017485528150303e+01,1.076609447107569473e+01,1.108382359143980800e+01,1.131476086115726787e+01,1.142557520858020226e+01,1.147466027054126947e+01,1.142634123483621700e+01,1.120431952545374621e+01,1.114152029041029124e+01,1.114618645624889304e+01,1.090356001404479969e+01,1.042786887020342412e+01,9.870574019586575432e+00,9.462187784560091686e+00,9.316913101150575471e+00,9.083861747402114162e+00,8.887910290640222755e+00,8.612154739367340994e+00,8.503314176053153872e+00,8.014295127917829831e+00,7.659196569456434567e+00,7.198567989742048034e+00,6.488404306750452655e+00,6.004095357875389283e+00,5.060554549374195688e+00,4.628950278214155389e+00,4.825357237006897115e+00,5.797051648746839092e+00,6.430833740021981271e+00,nan
nan,9.056584399830303056e+00,7.178819432947546986e+00,6.226151454489884607e+00,6.122874594740214782e+00,6.676044328382427118e+00,7.846575973624678291e+00,8.651598708823954098e+00,8.673579526679194629e+00,8.712903811682148003e+00,9.199040720229065826e+00,9.519516123534648600e+00,9.999382629270911593e+00,1.039699995496108009e+01,1.037058404465664729e+01,1.040789197368249042e+01,1.081051536862373297e+01,1.112411479989860652e+01,1.146669803926508813e+01,1.169323118046732546e+01,1.176377238019047411e+01,1.173254327315914480e+01,1.182579943092058983e+01,1.210970584759488311e+01,1.216173169033147161e+01,1.216428367263040400e+01,1.186367489402192987e+01,1.165640120872089192e+01,1.152775387819981390e+01,1.157890085414157433e+01,1.151071126626354157e+01,1.119542581075010013e+01,1.079628889929149160e+01,1.042890529363686092e+01,9.907160870064531721e+00,9.283113453898865330e+00,8.922396431649037396e+00,8.724136564874116928e+00,8.515342988364361432e+00,8.559548364417851829e+00,8.343445958829185827e+00,7.811950076878704685e+00,7.237010325243685038e+00,6.706671060105607651e+00,6.201291091771609310e+00,5.262592237576169119e+00
6.212645267156686302e+00,5.963255942722923919e+00,6.427399466847867338e+00,7.565173134848854453e+00,8.221337769291098496e+00,7.780247267536005928e+00,7.244768649695540574e+00,6.830782099060678902e+00,6.804192139192208444e+00,7.126851976337293060e+00,7.536981486456633128e+00,7.984425300409174753e+00,8.398613606882481264e+00,8.994386620530235632e+00,9.816592167452578011e+00,1.060091996732427866e+01,1.125361358002266066e+01,1.170582134112586381e+01,1.185244034540593994e+01,1.199293133676929024e+01,1.209384618695315439e+01,1.220131453031365965e+01,1.230567444406633903e+01,1.231048823868369091e+01,1.217219023789132670e+01,1.214356202017754782e+01,1.202558970785703174e+01,1.175826575088502146e+01,1.155310212567250616e+01,1.125642706627410838e+01,1.088834543534024846e+01,1.020142718283017658e+01,9.470361257924105658e+00,9.181307308118594079e+00,9.088570733512970179e+00,9.035555491762261582e+00,8.771735383532698549e+00,8.460775219736806463e+00,7.773769824639417791e+00,7.305755227647901862e+00,6.654875915944451492e+00,5.627884382307500211e+00,4.620431036086582566e+00,4.290202867604261172e+00,nan,7.569936722246448646e+00
4.269125574389559752e+00,3.281829017632026169e+00,5.239462564242952425e+00,5.276350191794426436e+00,5.791884078982261208e+00,6.615374153653807099e+00,7.244071959852927733e+00,7.396118955217447777e+00,7.131823609165794942e+00,6.932575306215880140e+00,7.149444237890797638e+00,7.385891054713867199e+00,7.615392092633959997e+00,8.105675542155980295e+00,8.260349650512516462e+00,8.674905713121033202e+00,9.317166089866546486e+00,1.020233401359675796e+01,1.073740784105857138e+01,1.114124634236271305e+01,1.102145430784697488e+01,1.102382656491837842e+01,1.104454492868623738e+01,1.087785319718810229e+01,1.095595297572778470e+01,1.099536567226516048e+01,1.097783503958645923e+01,1.087692255516219575e+01,1.071531981100923225e+01,1.029545988240132992e+01,9.928934818196818668e+00,9.618897748124226155e+00,8.859867765329768829e+00,8.071575108813231481e+00,7.348848069808424199e+00,6.964152948237835261e+00,6.797575293027363408e+00,6.659807637915804435e+00,6.485686206846370538e+00,6.220494736780160849e+00,5.757212696578415390e+00,5.109629554047616651e+00,4.386121542210786650e+00,3.556820683955877360e+00,2.902798476335930467e+00,2.945390435112784200e+00
1.404335674667070100e+00,2.887463441767907923e+00,3.583527627450463271e+00,4.157193985266722791e+00,4.690007851268355843e+00,4.652011706741136621e+00,4.360998871425673329e+00,4.308373451753124250e+00,4.549541512358375783e+00,4.596543913856936392e+00,4.896597739074786126e+00,5.479663988232555738e+00,5.965137413105113140e+00,6.530676686660780383e+00,7.243214257976085868e+00,7.922444694345289307e+00,8.578558206182810508e+00,9.057694973929796944e+00,9.367694718679054233e+00,9.426700760556450120e+00,9.471231410214080881e+00,9.760206628671769025e+00,9.820066957842254141e+00,9.971428197566149620e+00,1.000572904594456780e+01,9.922143937289371607e+00,9.886214756180413232e+00,9.724558274618026132e+00,9.318967696801001566e+00,9.002835748022921081e+00,8.355217962219956718e+00,7.594165206232440291e+00,7.225058957353121869e+00,7.082509091550798885e+00,6.654729090093509214e+00,6.839892248512406958e+00,6.548204989974209411e+00,6.227329012874083247e+00,5.633611232413248793e+00,4.499863151020854879e+00,3.788632003450892238e+00,3.030312076360286433e+00,2.482588914859260143e+00,2.139247014117898971e+00,1.302338908281442720e+00,2.352331818712331657e+00
2.895533321316424713e-01,-2.297224592457234316e-01,1.552550322373364988e+00,1.672481046758783618e+00,2.726952566882394624e+00,3.380793607984377225e+00,4.197021183075105633e+00,4.445317277109438692e+00,4.713417532494053042e+00,4.875771029139998269e+00,4.651638442400138906e+00,4.745074280843793346e+00,5.280683293579797599e+00,5.420863376345690376e+00,5.784536362587541447e+00,6.105775736585614233e+00,6.702329376511547920e+00,7.523802210106771859e+00,8.251816122350552618e+00,8.450986746871770094e+00,8.718771475110143498e+00,8.567988725516411108e+00,8.413871801947919948e+00,8.439937997616782539e+00,8.565263613830300216e+00,8.455501269554382304e+00,8.243523728029861886e+00,8.068492690687909530e+00,7.833865598827402188e+00,7.637070997239623793e+00,7.233310914435545413e+00,6.822530416401974662e+00,6.217176888168149063e+00,5.456249226299061839e+00,4.860054132895974988e+00,4.393202177847400414e+00,4.073157442714127718e+00,3.966807846985950015e+00,3.706674153676733585e+00,3.325760551344140836e+00,2.675375634710412509e+00,2.076775059187812467e+00,1.334062870575758009e+00,7.479464384008704947e-01,1.440370309053739251e-01,-8.866669470252250829e-01
-1.120429217470729322e+00,-7.579793609895708606e-01,6.586473793590319481e-02,1.074510698302334699e+00,1.842521203923053186e+00,2.214712824671850822e+00,2.379949473510309943e+00,2.047011679980710763e+00,1.954650014944157466e+00,2.078301788524299365e+00,2.442816123185834520e+00,2.800505409504101983e+00,3.349959001879965648e+00,3.961725298989499766e+00,4.483832339328095884e+00,5.216360113410852151e+00,5.837544133399479307e+00,6.377535538811864413e+00,6.816632293956416788e+00,6.927284022409883946e+00,6.967818803997695376e+00,7.134189933660815441e+00,7.348455063229334172e+00,7.650615202981606799e+00,7.646538728386606643e+00,7.313343094683487422e+00,7.156081900732628398e+00,6.978841315867095219e+00,6.779321659762907792e+00,6.392324384238789570e+00,5.598281524125176212e+00,5.138288156098724357e+00,4.547828903620045438e+00,4.396281173499317241e+00,4.020750816094032842e+00,4.378509330602224026e+00,3.923729586108176459e+00,3.058792179331946581e+00,2.344203451576925445e+00,1.370023254324086670e+00,5.968618259694180583e-01,4.435441576416648823e-01,-6.101787219244635407e-01,-1.613603631448470743e+00,-1.417039803913346052e+00,nan
nan,-1.545553078207259956e+00,-1.537178393651710717e+00,-5.849017095155978341e-01,-7.513685944184574084e-02,1.253673383732718971e+00,1.980508090164170065e+00,8.200971760458806159e-01,9.162105039741816892e-01,1.688371387747626740e+00,2.306341153951136036e+00,2.376236333797714373e+00,2.381764841594625093e+00,2.774722182516583757e+00,3.189223885428616789e+00,3.761321334043682185e+00,4.394634355514552837e+00,5.009501452723894133e+00,5.677558457904101630e+00,6.229655044466291258e+00,6.440084763699378989e+00,6.410069404923914860e+00,6.379752169387498562e+00,6.412778792025676466e+00,6.350907842063511666e+00,6.475942736749211726e+00,6.221584225789849043e+00,6.019247233137518194e+00,5.701135452862743591e+00,5.473614551385733051e+00,4.970114970252357267e+00,4.440205387651926294e+00,3.728429581461603082e+00,3.079165446921341420e+00,2.406477181528832610e+00,1.789867667722906175e+00,1.393794388044127697e+00,1.201464927980053110e+00,9.987427408423970032e-01,3.806762125120044526e-01,-4.526428937426928423e-01,-1.029146492944678748e+00,-1.340648997405027076e+00,-1.449478384738998038e+00,-1.370129956009070504e+00,-1.527732469223112233e+00
-4.038624667773767496e-01,-3.047814726537161900e-01,-5.657910224597390014e-01,-9.489949229872149949e-01,-1.634083612629120053e+00,-1.612874821094237854e+00,-1.112428702805769554e+00,-5.040304789330761759e-01,-4.153889074511853408e-01,-2.520700109061309035e-01,-7.331061407171775724e-04,3.655936227057533516e-01,8.816527521639462295e-01,1.384741034569229701e+00,1.865956130235372434e+00,2.617816187032254938e+00,3.376252664986425955e+00,4.137060536910857955e+00,4.531417815023801587e+00,4.763291273728071928e+00,4.882069218273368705e+00,5.009344876602012775e+00,5.113916984465372906e+00,5.231602316866267088e+00,5.263131904298709252e+00,5.176698081134476936e+00,4.944100294294342390e+00,4.709293527526137169e+00,4.308402342635730520e+00,3.578239494127128051e+00,2.829733961572928447e+00,2.172142135042874678e+00,2.549158023866616052e+00,2.503912347181150189e+00,2.079117770838040169e+00,1.562650752417269473e+00,4.235483044668673647e-01,-3.014626709189922593e-01,-6.610264912239655066e-01,-7.493994739165401597e-01,-1.084382627147786549e+00,-1.387304650352380264e+00,-1.892647784850282289e+00,-2.006818096126597784e+00,-1.459643925708743240e+00,nan
-6.375646867284766595e-01,-1.330519948469123248e+00,-9.340617545380849318e-01,-3.468756308845352687e-01,-9.560979230383459537e-02,-1.170245664624894461e-01,-2.787225629698498186e-01,-3.185047588846529609e-01,-6.191815722890616769e-01,-7.193464289217054164e-01,1.032689214521056442e-01,4.620353342682748665e-01,7.303607223682071492e-01,1.226721409847244093e+00,1.641856872373227638e+00,1.859199693948790699e+00,1.634753227726475355e+00,2.012215269608168988e+00,2.812820738805460241e+00,3.443143845051182428e+00,3.852034202917720140e+00,3.857132387960402475e+00,3.920149389254107941e+00,3.921378382280218844e+00,3.945469391412716131e+00,3.776598780722761006e+00,3.695268166723837400e+00,3.538657379119492408e+00,3.210052380282958584e+00,2.641489061874359390e+00,2.120694315501698846e+00,1.423537073749645110e+00,6.293599234787273788e-01,-8.949965898813005971e-02,3.211688714251941662e-02,1.194777782268992561e-01,nan,nan,1.193647911415860241e+00,1.128944111880987089e+00,4.905392403524764244e-01,4.758593108908890784e-02,-1.079094347065417403e-01,-1.475275128261692714e-01,-3.082046624112546596e-01,-4.791643684888553523e-01
-2.263480243148023874e-01,-1.047297426899659739e-01,1.328169063931289029e-01,-1.956549272770808506e-02,-1.656555952175478019e-01,3.019279890280746059e-01,4.135033898539489106e-01,4.653765656572075304e-01,3.736741432766672588e-01,3.148833299878779357e-01,1.531412618377182011e-01,-2.568888187550252833e-01,-8.502025519850124891e-01,-1.395214862500147035e+00,-1.477562838653081467e+00,-9.083708400995739174e-01,-4.597849708770538474e-02,9.473487519477998831e-01,1.567896179009402147e+00,1.630683538829590162e+00,1.707789018471884246e+00,1.935479050523931654e+00,2.216906404732217339e+00,2.551626437944342296e+00,2.713582956514704936e+00,2.655736802730169543e+00,2.347737206515688513e+00,1.904230165145482712e+00,1.369368347506055628e+00,7.724559566764610530e-01,1.969568043951701319e-01,-2.026051105040123923e-01,-8.165674153626412135e-02,1.969131022867576519e-01,5.948845671319311634e-01,1.027005274651804356e+00,1.525845135311237000e+00,1.343538221008405253e+00,7.131400059097546817e-01,3.227502207353629138e-01,1.970501099308144544e-01,1.995224266755555101e-02,-5.318941733019475482e-01,-1.419523026857949066e+00,-2.448816595982266531e+00,-1.849366698598576164e+00
-2.899883876974604480e+00,-2.895218284544849752e+00,-1.972631886201926976e+00,-7.629881868996766237e-01,1.141022662129275583e-01,5.946579689603689323e-01,8.301173425526956473e-01,8.715666073583082651e-01,9.368526488573152289e-01,1.138977857244187097e+00,4.044348876263363923e-01,3.948320405778581454e-01,5.033810675530773215e-01,5.382739082565328737e-01,3.146339160713453320e-01,-2.909592723330116093e-01,-7.238423168570942146e-01,-5.515292773318698494e-01,-1.148934150416154772e-02,2.670802550333559733e-01,6.899121748201973991e-01,8.249943095358440726e-01,8.082182085454294729e-01,8.792786748712574374e-01,1.031287161660969121e+00,1.036180778705230621e+00,9.288048335162084612e-01,8.644984175817012062e-01,6.023319720503558239e-01,1.301036553884067359e-01,-4.700668182663145234e-01,-8.594453568455762138e-01,-1.043595372967258017e+00,-9.560798557946597054e-01,-1.109787984352026413e+00,-1.021180638218018188e+00,-9.522033194536392298e-01,-6.859574795795945201e-01,-2.176114521171825800e-01,-5.464850212019253112e-02,-3.142977082017393842e-02,8.214487738320883081e-02,-2.117236536665589031e-01,-2.086048399790776386e-01,-1.322451283868474603e-01,-3.078679829838094628e-01
4.147965174330494054e-01,6.839945790002716075e-01,5.614308971079822186e-01,2.239819476910156482e-01,-1.607747474832900425e-01,-7.637500127727238075e-01,-9.813183179356130825e-01,-7.264878770210619896e-01,-3.460728371695907524e-01,-3.413150333711416073e-01,-2.834442206823524768e-01,-5.462219250442549301e-01,-9.381347561995994067e-01,-8.249640406701616024e-01,-8.031855763537990578e-01,-6.220791529490199423e-01,-6.740308901636625771e-01,-6.377162980814734539e-01,-1.015790125434868685e+00,-1.254997170007566609e+00,-1.168380739475745944e+00,-4.842486947561882582e-01,2.493379660552373644e-01,8.850281601807791221e-01,9.444275187431372398e-01,8.942920616669667311e-01,4.181198049327313204e-01,1.720860897034306447e-01,9.602528645517623140e-02,8.234748034871823552e-02,1.809809331196604032e-01,3.454720573980694098e-01,5.709658409260617296e-01,7.846663903382363747e-01,9.340587841475832542e-01,1.343505535757589131e+00,1.057916641152546022e+00,1.019348220266703464e+00,9.143616893327342066e-01,8.420308372535801889e-01,6.567336774868491878e-01,-2.816484645439650270e-01,-1.422408576824051529e+00,-2.465340217342257834e+00,-3.391522773595028184e+00,-2.822467269714913130e+00
-3.616563670633421435e+00,-3.589046038889198709e+00,-2.174532005952603431e+00,-6.299264515473410597e-01,4.050979688885874563e-01,1.368055630181772564e+00,1.979165699579580329e+00,1.479404577119984632e+00,9.629479510318825763e-01,4.158141244653227320e-01,4.587135982230324815e-01,8.130590421128996992e-01,1.580600393049442554e+00,1.680428176510420757e+00,1.126242498768471378e+00,5.500185578491435523e-01,3.412461561444508629e-01,3.771625023169822843e-01,3.587013961387044980e-01,4.888401898094884013e-01,3.240664030055397937e-01,2.824903513078780119e-03,-3.848021229290698453e-01,-1.646718888999230135e-01,2.894337408100368103e-01,6.612337017829448271e-01,1.132461094965271142e+00,1.225314036317004529e+00,1.136066147767146095e+00,6.417602009294836041e-01,2.561773475401056821e-01,-5.434628609610088479e-02,-2.203735295555561413e-01,-4.518450102502444277e-01,-4.047119400353677565e-01,-2.756421624330300801e-01,9.443078590126911462e-03,6.851518305857146052e-01,1.160055356589149378e+00,8.730123319838531959e-01,8.072890463868480637e-01,6.172529427778200573e-01,3.933300923464102539e-01,3.384957142081452264e-01,-2.011032648061975292e-01,-1.087955234665544335e+00
-7.664081820878992923e-01,-1.836843173969571197e-01,5.163612717601341329e-01,9.254722419844695347e-01,9.034763429564295345e-01,4.622372129570267996e-01,4.040739728598843374e-03,-7.782686738229267764e-02,3.797607457626222538e-01,2.951253011734769061e-01,5.681126767209843109e-02,-2.118973086841258180e-02,-4.392818786609881676e-01,-3.491425670939847237e-01,2.782082197580137972e-02,1.051883699713570819e-01,-1.530796246568376373e-01,-6.436017611387457871e-01,-9.341773796541252839e-01,-1.154770542101301478e+00,-1.229183151092984039e+00,-1.094066125090108699e+00,-8.916160092486256072e-01,-6.285444037949506901e-01,-2.328321498890341679e-01,-3.849132690509312477e-02,5.007393072752337748e-03,-2.054108111994549790e-01,-8.794665346720761945e-02,4.723510440345324995e-02,-2.540591906675260248e-02,-6.911294576563792313e-02,1.969511951512714631e-02,5.471013039011770468e-02,-1.053526890608121463e-01,9.197180777894575776e-02,1.111827506034607671e+00,1.124674703067539028e+00,7.073593823335150299e-01,6.505555718869915349e-01,1.984119810992570621e-01,-3.306455540688406081e-01,-1.078110139487442609e+00,-2.415064026652029128e+00,-3.354366238637036091e+00,nan
nan,-3.180250678986712209e+00,-2.375447246991134076e+00,-1.023457888073146194e+00,1.818869637130172134e-01,1.066994667409402853e+00,1.442215612775633149e+00,1.143797199158839373e+00,7.906974471238330526e-01,8.881804073200176841e-01,6.261483366300190090e-01,6.785731385957687323e-01,8.532166073442536414e-01,7.868920983763709742e-01,6.040841831552721253e-01,3.013276309514325013e-01,2.776839955602985466e-01,4.408762061643982655e-01,5.751983284616722925e-01,4.466056267084648201e-01,-7.772830127849550408e-02,-6.835367939175617247e-01,-1.035720328630248321e+00,-9.571322776275962285e-01,-8.079581330157949992e-01,-6.815798325198727525e-01,-5.808622388057775865e-01,-6.697849515743712345e-01,-6.821969497792252923e-01,-6.601304119749258348e-01,-8.423226307548942193e-01,-9.489304415614583377e-01,-1.075159860457424399e+00,-9.458872796498412061e-01,-9.552920589218155678e-01,-1.149751421602249524e+00,-1.235019626578874208e+00,-1.193952063154575027e+00,-1.421841907295404939e+00,-1.217179787946401914e+00,-8.292666560154244859e-01,-1.677097782051089891e-01,2.335413883649408717e-01,2.722978075215761185e-01,1.256335167753917514e-01,-7.987935650745114913e-02
4.273184937402282196e-02,5.776671087807997429e-01,4.146732099436398755e-01,-1.912202447265571037e-01,-6.720037231055376870e-01,-1.113875847993670787e+00,-1.104655911398320312e+00,-1.006783980729291317e+00,-7.040052305952807510e-01,-5.316796806038155410e-01,-6.288303539914146256e-01,-5.477622302353388761e-01,-4.078475025717708258e-01,-3.117059330149641316e-01,-2.056010835114463475e-01,-1.682240908575328431e-01,-6.469648333424444786e-01,-1.013963948626770417e+00,-1.075292101036322334e+00,-6.826548675437488223e-01,4.885182028763210976e-02,2.894930798233611990e-01,3.391271966112595071e-01,5.208230411646056490e-01,4.021246958671109151e-01,5.603429932022379045e-01,3.461799290008246710e-01,2.907255080786356194e-01,4.244804237501066946e-01,3.482352196368125874e-01,2.924387957175464403e-01,4.164148805353434790e-01,2.531161237235295403e-01,-6.739536215338404190e-03,1.697541925659010187e-01,5.902886485476107614e-01,9.919697413991972468e-01,1.245369289641323318e+00,1.018213502169152296e+00,5.374881529281161363e-01,1.220794794899504182e-01,-9.124015679050704319e-01,-1.990901525218195189e+00,-3.358786287335051579e+00,-4.217409901243117432e+00,-3.599581209211569544e+00
-4.002295853566480766e+00,-4.149720989779144276e+00,-3.049352893781206664e+00,-1.521440103423967516e+00,-5.325912435483566298e-01,2.459614919010727763e-01,8.705463380006903673e-01,1.284990493737806050e+00,1.100823628020245026e+00,6.504729855627822133e-01,2.745526289450183066e-01,4.107431493770074549e-01,5.340963284734939753e-01,7.342650938405839156e-01,8.158135973444574640e-01,6.967725449117830872e-01,5.747015948811295960e-01,5.407640142263639982e-01,6.370911732359031410e-01,7.765836043743761241e-01,9.151490089213812906e-01,5.838995068767059982e-01,2.967569545998876429e-02,-1.137537087774367350e-01,8.431813644192739932e-02,3.522460840363166312e-01,5.451957493586305770e-01,4.209254428004686188e-01,4.243303650104227609e-01,-1.364883220757233395e-01,-3.736659557012248500e-01,-3.187640747755361992e-01,-4.198116775117640143e-01,-2.872904188494583844e-01,-1.963995127756678893e-01,-4.381095491259640595e-01,-8.387392702311067261e-01,-1.158801714855532961e+00,-9.512010271479766077e-01,5.393559663810047061e-02,1.211303674080002724e+00,1.945956821397368586e+00,1.777462664898424194e+00,1.227102973059738922e+00,5.667177090880508583e-01,-4.686997458005606743e-01
-1.411226274414871140e+00,-5.765661197461454668e-01,2.482280121385938565e-01,1.053709946500560157e+00,1.360986145942645109e+00,1.136642791945202458e+00,4.202961317984606482e-01,-2.386837350547229564e-01,-4.435590694738855699e-01,-1.866027344957797984e-01,-1.469660510518835395e-01,-1.719420663424540419e-01,-6.908019481184268784e-02,-4.033128931477025780e-02,2.799961717813706508e-01,7.271622901220428092e-01,1.108063561997234547e+00,6.289687883396144485e-01,-3.466126471352513200e-02,-5.871237404375413416e-01,-7.922666730195796481e-01,-5.270929747916536234e-01,-7.582607449580690273e-02,nan,6.082654338571558128e-01,3.512082067915016093e-01,-2.159958847841045859e-01,-6.796047941804443937e-01,-5.828001867245065082e-01,-2.841180981547331008e-01,-9.442375169804179125e-02,1.497598821585352791e-01,3.380520413843139949e-01,3.130653462219067928e-01,2.666502965699273364e-01,-1.486815238837505826e-01,-6.922854363675886268e-03,5.544218508833345105e-01,8.233626907613427193e-01,7.815032593317239318e-01,5.138484959786724371e-01,6.178385369356662604e-01,-6.032754483169079363e-01,-3.178220806948770960e+00,-4.217739897422868367e+00,-3.656462982196945433e+00
nan,-3.076675186415481988e+00,-2.951136230959497730e+00,-1.589856095872802078e+00,-2.771187908753418583e-01,3.198063957629997955e-01,9.704263719247505637e-01,9.721864266324828918e-01,4.185754367415076560e-01,6.549379201880642550e-03,3.009654678168367514e-01,1.106722221263686939e-01,2.784519279805677261e-01,2.177276756264992508e-01,-1.542289359046105091e-01,-4.039856713481806416e-01,-2.556550101384262863e-01,1.586142730359568487e-01,5.799609288417968411e-01,7.136639404578339896e-01,2.399486010877316389e-02,-6.571200909123749989e-01,-1.080242003140435836e+00,-1.034005153529146792e+00,-5.616574192128107601e-01,-1.324307223625886820e-02,2.664907635106756323e-01,4.525279529609349538e-01,4.363723797136941362e-01,-2.358000373889984902e-01,-7.360762310815726073e-01,-5.677020476023404427e-01,-5.329421429316241188e-01,-3.230810512456647743e-01,-1.899383897485999173e-01,-1.424682594154849935e-01,-8.062555295483520013e-02,-3.649507957437154171e-01,-3.949284584384983310e-01,-4.846460568658723100e-01,-4.359189663026071804e-01,-3.446931306385844773e-01,-3.087167881445249118e-01,-4.309031577500718191e-01,-7.107202086269085450e-01,-7.026769312591927275e-01
-3.516708054903929792e-01,8.325723650712291146e-02,1.773752745529601216e-01,1.069637104273681444e-01,-2.660985062697941994e-01,-1.069607083691926253e+00,-1.413416800829275788e+00,-1.196404471583198958e+00,-1.049309470569228298e+00,-1.031858219814664412e+00,-1.035519487059701760e+00,-9.848671370776216349e-01,-7.494546531736420159e-01,-4.212966824529879584e-01,1.049878301715178180e-01,-1.595757149094702843e-01,-2.834877360744627595e-01,-4.827228373762947888e-01,-7.579580753891914657e-01,-1.110668799589183076e+00,-9.004209622895198439e-01,-5.442640534882784431e-01,-1.850328664256432609e-01,3.407310033739919253e-01,7.236153567547540799e-01,7.910685785775110057e-01,5.639707802504865253e-01,4.297496504597854705e-01,5.551579013470634427e-01,9.729168927680902357e-01,9.746362924763271041e-01,1.124687342940410728e+00,9.836167136110939291e-01,1.072734023563451711e+00,8.077058516331258042e-01,8.623497391544299173e-01,1.032959569618574935e+00,5.889305001225307867e-01,3.260390961103155627e-01,1.845736382222433747e-01,-2.355076670704316089e-01,-9.910056336696755341e-01,-1.944181120492919801e+00,-3.221329717828644412e+00,-3.298805812351512934e+00,nan
-3.420348140317930330e+00,-3.213080637264380979e+00,-2.390149208225785138e+00,-1.246107425207985786e+00,-4.356608646686370157e-01,-9.546021456558644036e-02,4.115613158825925377e-01,9.382017929979170612e-01,9.490079622939759929e-01,8.671629449462017192e-01,4.419002642436152262e-01,-2.340040919808643663e-02,3.081233055950107769e-01,4.156250801942064643e-01,2.533671413821127483e-01,3.200586497776534145e-01,6.936367465016246570e-02,2.931312314237040084e-01,5.552224691405456269e-01,6.251671488875688576e-01,8.512840524313262103e-01,4.315224521362542309e-01,-2.119752465073659609e-01,-5.340416027253702680e-01,-6.056052535003763060e-01,-2.621456054572234851e-01,-1.086514649895278239e-01,-1.221812322027304304e-01,2.075269330097289922e-01,6.402488168068151131e-01,4.416283523179406201e-01,2.834757898261193176e-01,3.582314791354579975e-01,6.437797591410229225e-01,7.298003490278148764e-01,1.952237072362080494e-01,-4.188132561257735809e-01,-4.820999099393401544e-01,-2.915889865963006145e-02,4.435615430249375546e-01,9.227332869685919148e-01,8.118278331806738635e-01,6.906149639096305082e-01,6.074773951703359431e-01,3.568677311272108743e-01,-7.510038983324325568e-02
-1.138689657760218354e+00,-7.227748075706508235e-01,-2.800817156080763204e-01,5.533803289962158090e-01,1.218716695847537723e+00,1.435292159590424443e+00,1.432526996093453464e+00,1.211130399729834828e+00,9.634815178941215086e-01,9.380250077423657462e-01,1.121966839031093732e+00,1.301563849018315455e+00,1.656890442407360498e+00,1.735710824758629256e+00,1.842351564709238998e+00,1.893733725643504062e+00,1.955252233929157368e+00,2.150483414908071822e+00,1.982277793026887558e+00,1.645955622561918519e+00,1.388973983971288240e+00,1.422069370940216126e+00,1.630622523162867932e+00,1.839654266456819620e+00,2.135012162095998089e+00,2.389074729764892879e+00,2.346959858582854164e+00,2.290913802661104892e+00,2.220645789232481349e+00,2.015426484311830357e+00,1.685397254433684600e+00,1.516188994231288278e+00,1.125122076900940904e+00,6.906900036259837616e-01,2.381051285075171109e-01,1.381426324179562126e-01,5.998913505691558790e-01,1.035243937107106715e+00,1.641883087131860375e+00,2.089411055815165064e+00,1.712506897100182446e+00,9.134690363653896750e-01,-6.578490727087817902e-01,-2.093003511013550977e+00,-3.353168115869152199e+00,-3.376892939967672813e+00
nan,-2.216986522341257260e+00,-1.505904682271320238e+00,-6.058320014044433766e-01,2.090216642586347762e-01,9.970532018183636547e-01,1.638131023281213627e+00,3.009530767495275150e+00,2.007988959259856099e+00,1.566266195960517749e+00,1.970660260335523883e+00,1.512424216719566505e+00,1.446930184757567073e+00,1.368327918585008796e+00,1.462203472729911136e+00,1.298283442391083620e+00,1.330773454007116774e+00,1.364917224002831775e+00,1.412769895411212451e+00,1.424643371421899340e+00,1.278232405244884351e+00,1.095947863762092744e+00,9.674619494486297322e-01,7.926236159178452478e-01,7.617553550472883073e-01,8.190620101591687963e-01,9.695446291245591874e-01,1.254916947086259782e+00,1.242565320061266743e+00,1.061544894529155236e+00,7.829989672799004818e-01,5.910006106741578780e-01,2.307764308629648708e-01,-3.082605781263842437e-01,-6.340203641133880241e-01,-8.560714764326906590e-01,-9.306312833592015332e-01,-7.123910640587124421e-01,2.408795042744933390e-01,5.797377240971391954e-01,5.724259875227087901e-01,3.524809002402657931e-01,9.074697565805561750e-01,4.076399989286099701e-01,3.253135311778265759e-01,-9.712885117249783762e-02
-6.667117535859277133e-01,2.494010120917206780e-02,4.432209792010741722e-01,6.982852606500816739e-01,7.122004001355735081e-01,3.221905343043457437e-01,-7.621069748347312350e-03,2.225836081889805973e-01,-1.894055271306983312e-01,-8.379977474898163692e-01,-9.409532941620658564e-01,-7.876414929703223766e-01,-6.089079224430180570e-01,-3.055862658928791831e-01,-4.546320653775633852e-02,-5.208089569553071840e-02,-7.564310410832253417e-02,-1.006521644706370386e-02,1.942664149123696227e-02,-9.782341115847168617e-03,1.521405634172371367e-02,4.090744448173455616e-02,1.244813503515729280e-01,3.255437299369257631e-01,5.326472730743626594e-01,6.265763854174439818e-01,6.579250866391421759e-01,4.995254375150943171e-01,3.775292562180947442e-01,2.560664329488612778e-01,6.629236258133580639e-01,5.746887829890913180e-01,2.932136001694436445e-01,1.676001780747645165e-01,3.824329187046160428e-01,3.691597363116061459e-01,7.555590900284295808e-01,1.082782007452059325e+00,8.388290458356066903e-01,5.594109687612623949e-01,7.232710201466067135e-01,2.300421068504391597e-01,-6.189504624785409082e-01,-1.576663564393284034e+00,-2.300052558137459791e+00,-2.496142343710872513e+00
nan,-1.946518091006846252e+00,-1.472205844412771913e+00,-8.571082936056568791e-01,-1.173465399735150044e-01,6.672602390445692144e-01,1.089844871960750972e+00,1.029909393787496574e+00,9.333016795194328807e-01,6.513850819229437539e-01,3.598824280729213121e-01,3.158516337451923728e-01,9.525337442494716256e-02,1.668140316877529949e-01,1.290360380801013063e-01,3.574883086245392860e-01,3.128835298494569983e-01,2.915270069251666429e-01,1.975897778042104702e-01,-9.417617471699092635e-02,-4.341250327381160901e-01,-4.137869968161393963e-01,-4.257707724748751588e-01,-4.286880760693262404e-01,-4.406379234133066536e-01,-4.195903276790599601e-01,-3.401944005201212318e-01,-1.421242207411729797e-01,-1.735571413446398287e-02,3.472175820929498252e-02,-1.471930492833507242e-01,-5.558513564696999643e-01,-7.921438454946547747e-01,-7.268429641361703331e-01,-3.755210615452794776e-01,-2.963361084663993505e-01,-2.472811751171632155e-01,-4.892770351316094030e-02,2.240387450434534744e-02,-1.876662997246905662e-01,-9.517582166111286657e-02,-1.322570235537909832e-02,1.205005232028665552e-01,1.828839160607538261e-01,8.597989141852717399e-02,-8.770985572965202259e-02
-6.622323327511263173e-03,5.329608044203354433e-01,8.039009865414298295e-01,4.151206282767105904e-01,-1.438281440856196448e-02,-2.683156245732749023e-01,-3.039372055604161460e-01,-2.958932286172088477e-01,-3.362505319155587591e-01,-4.209769597161094334e-01,-2.683287984860953657e-01,-1.399671891376174648e-01,-8.339127739344398549e-02,-5.279784893890138164e-03,-1.298242071678572529e-01,-3.581564548776157153e-01,-7.378065237406220556e-01,-7.675269047788517707e-01,-7.704712203112933366e-01,-7.352295197503480040e-01,-7.423884104845610565e-01,-7.022327838091561025e-01,-7.892800925467483575e-01,-6.622584088163231408e-01,-5.391897970796312167e-01,-1.719276868818351289e-01,-1.008493412605786059e-02,1.489620531465788988e-01,-1.782493032959635570e-01,-1.892264937680482317e-01,-1.309949901001168371e-01,2.385136320367582385e-01,5.474519357859808366e-01,8.305985009456264834e-01,9.790460484810777908e-01,1.055272024071723047e+00,8.046024919826264554e-01,6.068736169679342929e-01,8.205670222367168476e-01,8.052174034550867443e-01,5.839981768963633524e-01,-1.791926331361635150e-01,-8.689809704315493155e-01,-1.674699785735736857e+00,-2.351308673652622527e+00,-2.260673215322486662e+00
-2.585035787642774086e+00,-2.731726960055300246e+00,-2.261769092041555407e+00,-1.266102605076292020e+00,-4.931067353076043491e-02,9.741208834974364184e-01,1.626046384336100381e+00,1.570008834593472624e+00,1.077027659946203197e+00,8.088813563645979032e-01,9.584303456862793835e-01,7.536867564105472761e-01,5.763187958092366170e-01,5.408643676625404240e-01,6.717773807673329545e-01,7.211043928906046840e-01,6.671061721153901392e-01,5.795141097527757301e-01,5.120762038410437977e-01,3.190878632750467903e-01,2.187392196987316684e-01,1.733533318251456179e-01,1.935358686686694876e-02,-3.345934472541580718e-01,-5.608137782596138710e-01,-6.505021319234558508e-01,-6.478251516433468638e-01,-5.074912721842258501e-01,-1.396492313793744888e-01,-2.329041200125701039e-01,1.112316756270885776e-01,-1.023032846231508586e-03,-6.410911735300128811e-02,-1.861885334995649899e-01,5.984037764697250350e-02,4.327938574038583258e-02,1.812256566229060450e-01,3.599777008174107062e-01,3.080864984351633362e-01,6.704906047711362005e-02,9.393668084801157225e-02,-2.509987543501180848e-02,1.972753025341633659e-02,-1.690527640739560300e-01,-2.318918577622044452e-01,-5.970383645040684417e-01
-1.048919413760614816e+00,-3.125400599135502722e-01,2.628862245805372311e-01,7.362589239824987031e-01,1.089820011005144806e+00,1.413227672804137747e+00,1.624223989930673406e+00,6.307694125044349676e-02,-6.914312175967598506e-01,-8.460246751899750395e-01,-8.600316313935678636e-01,nan,nan,-2.829969912233027407e-01,-1.477989409781257923e-01,-9.582399171160736751e-02,-8.811856117033964320e-02,-4.333532750571984088e-02,-2.090279833126738596e-01,-4.200514476716951662e-01,-5.429792236684454210e-01,-5.359300443150792903e-01,-4.868687101310571474e-01,-3.227862551907492161e-01,-1.281384982383546034e-01,-1.176401166083894043e-02,1.751310968228846354e-01,4.076899839293878780e-01,5.392779344324361013e-01,3.898783721632865795e-01,3.649353568296789807e-01,3.999009103825882927e-01,6.157710364034234551e-01,9.153675236854050823e-01,1.211784093276511154e+00,1.441377422345804016e+00,1.214249973625688872e+00,8.571288982504654541e-01,7.465144772332651391e-01,4.685060819781936559e-01,3.337020889195849160e-01,-2.502863375895261200e-01,-9.597555373023393122e-01,-1.786122835740475256e+00,-2.249425350166553539e+00,nan
nan,-1.788183209038273658e+00,-1.595466464820629593e+00,-1.023257170046301789e+00,-3.129430281889817866e-01,5.735697200773134385e-01,1.170646731825801590e+00,1.565005771719129246e+00,1.217188332329328881e+00,7.816012376072712931e-01,2.583121856915721604e-01,1.794648017406238472e-01,-6.998970155239944702e-02,2.296713776742036472e-01,4.547199599460268193e-01,3.214361307428017511e-01,2.771324917046701364e-01,1.818632266909341877e-01,1.680561578564104264e-01,4.612306695537000956e-02,9.296380362445925971e-02,1.869264963925056644e-01,-3.631280087320027522e-02,-2.145392635882179821e-01,-2.251234265886289110e-01,-2.147286880889233973e-01,-1.028319153364131572e-01,1.278120125236867355e-01,3.605827288185930457e-01,3.359193219929896834e-01,1.966377166130525156e-01,3.696974716164428982e-03,-2.040716947626168842e-01,-2.261259043498337618e-01,-2.524931231042391033e-01,-3.346167173128659078e-01,-4.277023815055926437e-01,4.599580773700303292e-03,7.387475951539896890e-01,7.462487758249471970e-01,4.096521879749988049e-01,2.366530471831802263e-01,8.111562032246000253e-02,-1.336616219366507270e-02,-1.264729647922769873e-01,-6.992778668155302801e-01
-7.646307503773347447e-01,-1.899624074562442644e-01,2.820342282595135197e-01,3.743507434428501313e-01,2.159635848357364940e-01,9.729446822048066004e-03,-1.295721082366873000e-01,-4.480669758604187147e-01,-8.291658091117026785e-01,-7.628563949875842853e-01,-6.872057878419450816e-01,-5.264156907475858738e-01,-3.778638350833573023e-01,-2.103976407588952213e-01,-3.952509497412256406e-02,6.619593854634779617e-02,3.607668347255225255e-02,6.244457149894439701e-02,-1.088965886010517664e-01,-6.302570125614843921e-02,-1.726347180746841958e-01,-2.067673522170816458e-01,-2.686609388999257053e-01,-2.282215887028403167e-01,-1.876950080364118978e-01,-2.254219442319271849e-01,-1.595853665787236031e-01,6.419007951054345185e-02,9.336785296484743923e-02,-3.554684585990004753e-02,-1.284021628984115537e-01,-7.165813419505898119e-02,8.927653641672628204e-02,2.085936784481842721e-01,3.459070163691123634e-01,4.034835792148906974e-01,5.654336655693787961e-01,1.053629088591017116e+00,1.563520428988948385e+00,1.011409771322809403e+00,6.318343597745984530e-01,1.356978145411176229e-01,-4.938290940849021649e-01,-9.388223000136159957e-01,-1.337369605383270876e+00,nan
nan,-1.255664622545388909e+00,-8.397053684806877749e-01,-3.887306522098413208e-01,-2.038768939074054043e-01,1.698796422561123509e-01,7.803603767628651822e-01,8.471510146355484272e-01,7.635620316818992892e-01,6.767520920754485081e-01,4.961866948391318033e-01,3.694418579496181465e-01,3.998984535970788179e-01,2.483602686916231428e-01,4.116513231758551217e-01,4.854128920382306256e-01,5.115093083446724531e-01,2.523097302726827196e-01,2.303570230902855787e-01,2.795612952232116033e-01,1.312029159675452694e-01,1.132540224336871654e-01,-4.661381654848118644e-02,-1.617418532822287591e-01,-3.257999497436699365e-01,-3.866032614927767952e-01,-5.430214430826429961e-01,-4.777191400669961729e-01,-4.036135697031610903e-01,-4.412317920288214568e-01,-4.087447846706466215e-01,-3.164505163823874145e-01,-6.400181851485449158e-01,-6.095050494545706243e-01,-5.015258373460298458e-01,-5.955583016824140818e-01,-6.262600706096973502e-01,-7.709077191723471278e-01,-6.333647760784444358e-01,-2.850997867750966752e-01,-2.293381207272903455e-01,1.558438054884092594e-02,3.351270998072119478e-01,7.558661508877776436e-01,6.414383867955961716e-01,3.586985424785946175e-01
-9.042927002299693262e-01,-8.276558246817079523e-01,-6.199324182021758167e-01,-9.983040474757842730e-02,3.567948511368390085e-01,4.581864272962740681e-01,2.419385956952724015e-01,-4.197228183867451889e-02,-4.004315871513374203e-01,-5.228380485400826450e-01,-4.072953297225178626e-01,-7.375689998804293990e-02,2.021343220491260695e-01,2.616068189480184047e-01,1.173946529730025279e-01,-3.423542544725372699e-02,-8.360057197295844844e-02,-1.916322771642838263e-01,-4.341863055240159364e-01,-4.693618609485014082e-01,-5.274821726758593954e-01,-4.373439223454807512e-01,-3.375223097486904633e-01,-2.643433972365191731e-01,-1.525319102900031254e-01,-1.205760827735795349e-01,7.080439804219579303e-02,2.345254710156763900e-01,3.434843333901572704e-01,3.358393329702411001e-01,4.832262374903046331e-01,6.809120960916895671e-01,8.328876202267785356e-01,5.215992000653292271e-01,5.599041351262898925e-01,5.489641933703126586e-01,9.402099283641776051e-01,1.244384359964120668e+00,1.237351213742191591e+00,1.510895875762324092e+00,1.138327499559588674e+00,4.406894690547544235e-01,-3.870849227167776352e-01,-1.031569662728571313e+00,-1.461216090370409448e+00,-1.062585064352015829e+00
nan,-9.666631148242569305e-01,-1.017488131879177748e+00,-9.374151483007366892e-01,-6.433790165600653532e-01,-2.812978054939542782e-01,1.010656620198815830e-01,4.865691897734869542e-01,1.284723341659906648e+00,1.547815822995036283e+00,1.134438027809535177e+00,9.110425005169560109e-01,6.205146160954004841e-01,4.436425139102642135e-01,6.717116481538170092e-01,1.067106514251349836e+00,7.952186002713129698e-01,5.752698527426770569e-01,1.800136433213879172e-01,1.532792625526197827e-01,3.656944004170933904e-02,5.390262813641477635e-02,2.989760132066887621e-02,-1.374959335558812445e-01,-2.405143784067370061e-01,-2.181815492704083925e-01,-1.172866434610367464e-01,-1.224352983471059531e-01,-3.392736920650987198e-01,-2.921132972595374411e-01,-9.935998408517007774e-02,-2.919196065034235232e-02,-5.130640728844899912e-02,7.644782058872368058e-02,1.100755644615385304e-01,5.773036274146647884e-02,-1.274526769429536743e-01,-1.903888624299361343e-01,-3.828518000957244899e-02,1.956812433398847084e-01,4.349306359400766375e-01,5.919701029475875620e-01,4.934493819933045700e-01,-2.867534563642538253e-02,-6.637233891998999269e-01,-9.753006778721158287e-01
-8.544070504310070646e-01,-6.029881202143229091e-01,-4.014737870298636935e-01,-1.592133159290642086e-01,2.037140634342480272e-01,5.884391241422366470e-01,6.931357287250761168e-01,3.847513576078466779e-01,1.838239189611062807e-01,7.218069773481694540e-02,5.290089193503063475e-02,2.306685578031658357e-01,5.224477331531010016e-01,8.558418417639633846e-01,3.507563916725977560e-01,1.367999421866179510e-01,2.063629098372336546e-01,2.706462477617277429e-01,1.418493671305339487e-01,3.888513597062048105e-02,3.681506029093126187e-02,1.956265729883980842e-01,1.859207220903030533e-01,8.822236870896205119e-02,-3.137154841364082070e-01,-3.791361005418029673e-01,-5.213918435928621697e-01,-4.508472160862317946e-01,-4.497503160494940033e-01,-2.597001399594657811e-01,-9.534646375766762938e-02,2.736561457979069800e-01,3.190896601639835461e-01,1.744061357828494974e-01,4.986610298075251357e-01,4.954956102312363941e-01,8.338350403518988152e-01,1.085569219068610147e+00,1.426268369922621737e+00,1.344717726704896199e+00,3.853381652276528513e-01,-9.991320646322954246e-02,-3.229476315343386972e-01,-5.912448910336891572e-01,-4.484166810961795480e-01,nan
nan,-1.034813559556487482e-02,-1.953784287393550700e-01,-2.557031661702366399e-01,-1.205004082274250266e-01,1.885579634196158372e-01,7.783010396883659476e-01,2.045501950168640448e+00,1.712693875592836035e+00,1.220359804782420010e+00,9.157525566437750841e-01,8.233695406408449990e-01,7.124455662462740868e-01,7.771799318773605636e-01,8.636006954665753632e-01,4.409988448451291898e-01,6.848186009538936858e-02,1.449216937207150648e-02,2.295894444576234150e-01,4.094908407245654303e-01,4.327203706462906529e-01,3.020776174031576944e-01,2.123904480798572969e-01,1.527429725322836385e-01,1.707824475339065062e-01,4.476797357909025055e-02,-1.376662258139660366e-01,-2.709549339932181278e-01,-3.564630398713743986e-01,-4.741592451742308589e-01,-4.461455118688621435e-01,-4.736699096295083899e-01,-4.020096014696449283e-01,-4.754081059647106144e-01,-4.573168014927707081e-01,-5.314546190022930716e-01,-5.361760312140297913e-01,-7.027812733918415988e-01,-7.231722449927420193e-01,-2.854422522422860875e-01,-1.247940097899267187e-01,2.554073531884348824e-01,5.752874172836308642e-01,6.492259825173748444e-01,2.565541832212640538e-01,2.953656649935396811e-02
-2.238228927668107493e-01,-3.419506201750092678e-01,-9.553207394547413855e-02,1.868511994412425936e-01,3.271445066882066044e-01,1.324136958214299775e-01,-1.096775451795146267e-01,-1.533217327084234194e-01,-3.425495941462941007e-01,-8.531132529153602206e-01,-9.842356831919623072e-01,-9.715550788262673487e-01,-6.831059646902337690e-01,-1.918396270535229764e-01,-1.076002809712362229e-01,-1.072565809996835900e-01,-2.213639567636704331e-01,-3.071564016975050215e-01,-2.875949227969353261e-01,-3.083154085998212612e-01,-3.664952393275218157e-01,-3.114231932229752919e-01,-1.150882599172951687e-01,6.712336786703865243e-02,1.702128136114521018e-01,1.044413010391683355e-01,-9.715795829249561366e-02,-4.154134969944625055e-01,-4.378719469421471500e-01,-3.510253892729959246e-01,1.002380890195526952e-02,2.866044905858046721e-01,4.169040897136323531e-01,2.815350517345100445e-01,2.769567535326661334e-01,2.120802896376829949e-01,nan,5.995570083418163554e-01,8.770322438441309210e-01,1.275755155069957070e+00,9.706421095666346588e-01,6.070353638618851688e-01,1.463971320889996264e-01,-3.631618620572321099e-01,-3.948999693937176869e-01,2.192014104113304274e-01
6.142241683778580708e+00,-3.877911855168143518e-01,-1.242564246975595976e-01,-2.970737466133046012e-01,-3.451074237321973270e-01,-7.981230038502928892e-03,5.908062669847247150e-01,7.810678777128237105e-01,5.351390381616776271e-01,4.481118960474077539e-01,4.369537137631789858e-01,2.860933635132042463e-01,1.008982411168075355e-01,1.674261732041330275e-01,3.675304376689514929e-01,5.460729593522597458e-01,4.126039533887659871e-01,2.136613883724818308e-01,1.074938727206276590e-01,6.618193073842849883e-02,2.163031563003539048e-01,1.704562268899005584e-02,-1.301299240591923534e-01,-2.007089807628207601e-01,-1.222109302775742784e-01,-6.085802331235849044e-02,-2.941539890547841263e-01,-5.448102781142992734e-01,-5.726424746470575311e-01,-5.071806328229337968e-01,-4.012503546209558181e-01,-2.909465583733195637e-01,-1.008617581227071042e-01,2.558913978147359016e-03,5.001023528682822100e-02,4.121835477660024810e-02,-3.296130158923284148e-02,-2.283175337096778890e-01,-3.774611675723013593e-01,-4.458267386423516165e-01,-1.506333280151098963e-01,2.246651948681917810e-01,5.711018877190975340e-01,5.252330943236196426e-01,2.477186630778136223e-01,-2.409131183078571381e-01
-7.629367472407734274e-01,-8.960839901034926003e-01,-7.473376877510501393e-01,-5.395568242585009333e-01,2.728991153149199281e-02,2.813847996414604036e-01,5.348875305786812140e-01,3.016507112233104415e-01,-3.377874142038237437e-01,-7.856401645721313720e-01,-6.916931720650412174e-01,-4.629254358644355194e-01,-2.035443676217991160e-01,7.689890664552123667e-02,8.162814017541884792e-02,5.998879817724826757e-02,1.003256413236535138e-01,5.036215150009074742e-02,-7.067543150780508654e-02,-2.114879106121984095e-03,7.668348705733762927e-02,3.153729797117341138e-01,2.689666647873644179e-01,-1.452898332589931119e-01,-3.292842244411613994e-01,-6.771611546948861360e-01,-6.319776792769910001e-01,-5.207413145288495304e-01,-2.930379641618728326e-01,-6.715515503761448901e-02,1.851080201034340789e-01,4.691872419126698612e-01,5.750480884507956914e-01,5.388477405220983840e-01,5.674441327558562564e-01,5.277477809999709946e-01,7.124175490536845956e-01,4.296861525245860292e-01,5.482545819279244226e-01,1.087903440451172710e+00,1.080940448750206784e+00,7.123043537664983660e-01,1.868631004983031807e-01,-3.944556527480784780e-01,-5.627564543192036250e-01,6.659147970806721162e+00
