nan,nan,nan,nan,nan,nan,nan,nan,nan,nan,nan,nan,nan,nan,nan,nan,nan,nan,nan,nan,nan,nan,nan,nan,nan,nan,nan,nan,nan,nan,nan,nan,nan,nan,nan,nan,nan,nan,nan,nan,nan,nan,nan,nan,nan,nan,nan,nan
6.253593894174657386e+00,7.170252320586958383e+00,7.902814398332490775e+00,8.071484423991039492e+00,7.906683174107612899e+00,7.345005945826404314e+00,6.530394543065292545e+00,6.319730694284514172e+00,6.486234811986238746e+00,6.543850494152185782e+00,6.365425921110506202e+00,6.063114695862224401e+00,6.741970130429885799e+00,8.258137779659788791e+00,8.990016878888367202e+00,9.199040455685370432e+00,8.752588079120746656e+00,7.677217811100061517e+00,6.808793958892302101e+00,6.603483106489015597e+00,6.147363265929723042e+00,6.020720282549423708e+00,6.082603405521113338e+00,6.750087003904620353e+00,7.235791549269761980e+00,7.390466239880347565e+00,7.281954049428742692e+00,6.884070700289923295e+00,6.569778032830050130e+00,6.202132513206113806e+00,6.856603836524251427e+00,8.123225301109734175e+00,8.089589371774396298e+00,7.396166194332934651e+00,6.846743631507389516e+00,6.532812485721358087e+00,6.271663559502847818e+00,6.462344597594551487e+00,6.595102464245290008e+00,7.014906232555834897e+00,7.499284912501051892e+00,7.275868979640790712e+00,6.854942558153044985e+00,6.593297086356989745e+00,7.585545781029860990e+00,9.130689576631485949e+00,9.587744308845417507e+00,9.653663817881936282e+00
8.689460269294439598e+00,1.059886454890939511e+01,1.146530501176097516e+01,1.151905132591773651e+01,1.109963442542574263e+01,9.896092647861419067e+00,8.761324880992923170e+00,9.130302012915404219e+00,9.322993924441870917e+00,9.071071064821374819e+00,8.589598701525106961e+00,7.816037440649479251e+00,7.613336137278599480e+00,7.988046775799375609e+00,8.749642290506500331e+00,9.357731897184816461e+00,9.779637436816834395e+00,1.017726791882897608e+01,9.880344474094423290e+00,9.114021018469433244e+00,8.779238567438238050e+00,8.709624880955006532e+00,8.588900186715976659e+00,8.752758968588892685e+00,8.751720347749978757e+00,8.623888540114196033e+00,8.166765885214593013e+00,7.815471618049058655e+00,7.963972710404950028e+00,8.447819280671007292e+00,9.282963489587627848e+00,1.029509250302296053e+01,1.106082442177389069e+01,1.145359826861007235e+01,1.140313221252692877e+01,1.089177304001904645e+01,1.008738861200553494e+01,9.138905145186965839e+00,8.145619286838464035e+00,8.402361349003665936e+00,8.281522054150068257e+00,8.319787778918318111e+00,8.352104121555374405e+00,8.460158006977243517e+00,8.727765166093119475e+00,9.501863201447021012e+00,9.811571263994380843e+00,9.271817649457965160e+00
9.001511989047640938e+00,1.116768147714996040e+01,1.159088033189336997e+01,1.137432918379647440e+01,1.057216804917487529e+01,9.986822760867799076e+00,9.570850601091960286e+00,9.580617892509129874e+00,9.773402001720535637e+00,1.003340034149709048e+01,1.019240003855805732e+01,1.003948172244898274e+01,1.065217025516242444e+01,1.140001379878845356e+01,1.182521890891020355e+01,1.200101353936162241e+01,1.208135808038170289e+01,1.182440459341505168e+01,1.115834979905133473e+01,9.994381604572581068e+00,9.442826207163360408e+00,9.175562933225068107e+00,9.255336496549467995e+00,9.537386754273249778e+00,9.953386646416699790e+00,1.021180783262850156e+01,1.031897883542524141e+01,1.038912412737340318e+01,1.062563340653936805e+01,1.093817074011776391e+01,1.150264666761701982e+01,1.187858113645935276e+01,1.196744189593387730e+01,1.114023855428634491e+01,1.048842381183004768e+01,9.715971068487643691e+00,9.344704563148260590e+00,9.134519228801668334e+00,9.467303180463883194e+00,1.040348874890034914e+01,1.129280364759868149e+01,1.137356384464397863e+01,1.124445291293448257e+01,1.093570684937776782e+01,1.149747066392036210e+01,1.206228188925499190e+01,1.251375703026092800e+01,1.226346438476350009e+01
1.206056292293562926e+01,1.410865009468459697e+01,1.457292658054083034e+01,1.415370065213923922e+01,1.365026518489853657e+01,1.314462794308990112e+01,1.304807659471124204e+01,1.308451382930306650e+01,1.333527049598481007e+01,1.305968999770784578e+01,1.210118498267346965e+01,1.167656813723032805e+01,1.110528861971666359e+01,1.133660499446656189e+01,1.212633153971874833e+01,1.260392161882404061e+01,1.302405017538604604e+01,1.325971426900412453e+01,1.295427058626713901e+01,1.259910792368462751e+01,1.235587006768406226e+01,1.223013588806816010e+01,1.227966908484098951e+01,1.207278289180507613e+01,1.204001897008841837e+01,1.167741649206974408e+01,1.155329155323408941e+01,1.162547280581063269e+01,1.176363986924890348e+01,1.205273945706055905e+01,1.256306499235518714e+01,1.291784013968558931e+01,1.297406817528763767e+01,1.296976019689296322e+01,1.301843306425671898e+01,1.294370923444625099e+01,1.277895883463866689e+01,1.232763328048329754e+01,1.180657823906396509e+01,1.173321341548551189e+01,1.135611300956552405e+01,1.109829123859265287e+01,1.114677058052682312e+01,1.132065374909014999e+01,1.137787223629458389e+01,1.168107848417612082e+01,1.241906421234209468e+01,1.254934796966053057e+01
1.158900115277416809e+01,1.313116017495072363e+01,1.369632066092591316e+01,1.345490220516227886e+01,1.303267954921717831e+01,1.261900052166509134e+01,1.250814247667602963e+01,1.259142436877171889e+01,1.263383677436018715e+01,1.340435724184331079e+01,1.369026793993085711e+01,1.352512517436627171e+01,1.359349474149456682e+01,1.396845968988708897e+01,1.398594482098710756e+01,1.403783287870866481e+01,1.420494077093754726e+01,1.427573427950556173e+01,1.425325189653398894e+01,nan,1.385069925166434501e+01,1.346731796458613495e+01,1.328363153645851646e+01,1.309061495074578474e+01,1.326260119837136209e+01,1.338806612616705749e+01,1.344565479244652373e+01,1.352829372406508135e+01,1.343873416518080433e+01,1.374033863577362524e+01,1.386340268688465471e+01,1.405514231055346031e+01,1.440310786227488826e+01,1.428241776419069176e+01,1.370153674886818962e+01,1.300592277745991154e+01,1.267416149865019648e+01,1.250228834934290667e+01,1.281587770137045901e+01,1.324058311473597271e+01,1.374960947184430005e+01,1.394344261940436347e+01,1.420716009309733785e+01,1.491437837670503974e+01,1.515950228813154155e+01,1.543803299472743085e+01,1.547132009878589898e+01,1.547408330226033968e+01
1.448931216367422969e+01,1.628930629343625114e+01,1.701405535118457735e+01,1.696309302494811178e+01,1.705577642010118566e+01,1.715384995029543802e+01,1.675290106513151400e+01,1.622721458994467270e+01,1.557274867583890909e+01,1.515469031582189530e+01,1.478984313773318071e+01,1.459866341905318166e+01,1.458423963329629380e+01,1.500837862419280100e+01,1.528104583345791845e+01,1.559823242600176663e+01,1.598787609222197581e+01,1.575445373528043191e+01,1.545536203191985614e+01,1.528531736267876973e+01,nan,nan,nan,1.526458015695750170e+01,1.506791985765024933e+01,1.486872607624567344e+01,1.477762624402732605e+01,1.476466280154182620e+01,1.487247399228000155e+01,1.509339220237796120e+01,1.553553781726567351e+01,1.585043639070937260e+01,1.600572576696000837e+01,1.600319638004999234e+01,1.605864625229017761e+01,1.594714301160775882e+01,1.567922448086572551e+01,1.535729627245457429e+01,1.517754532507910881e+01,1.497150703561636753e+01,1.495489328857783029e+01,1.487508371700135434e+01,1.439062115397833175e+01,1.439437666941012139e+01,1.493757284501956306e+01,1.533016242415112629e+01,1.540343359112138266e+01,1.519815173355377702e+01
1.350527371628805184e+01,1.511900237196383934e+01,1.649172697438102375e+01,1.688230820578317193e+01,1.675878492647811413e+01,1.640103149771310242e+01,1.591805110686888725e+01,1.587056746512314476e+01,1.599422175217223163e+01,1.601244074629314795e+01,1.596830918807144251e+01,1.589001433202939495e+01,1.637507174554489353e+01,1.692271007273546957e+01,1.739200452691464704e+01,1.747730174717170115e+01,1.735324532638723483e+01,1.710921027789606441e+01,1.701023439863223530e+01,1.659895338777092277e+01,1.619158742321587141e+01,1.593212663967511666e+01,1.584916659323631016e+01,1.581015052298847223e+01,1.595244362401860805e+01,1.630344290217626479e+01,1.656414651771585156e+01,1.669254995793560425e+01,1.691524571990268555e+01,1.720175749370117657e+01,1.692896710555060480e+01,1.675925470091043579e+01,1.696810113221537364e+01,1.718878150008995576e+01,1.694897711192696832e+01,1.647240209096765895e+01,1.627284775384148574e+01,1.635508921467693710e+01,1.629102428014544657e+01,1.649938902148376130e+01,1.690765495151884679e+01,1.732384713412030663e+01,1.738327873340861984e+01,1.771462703058574562e+01,1.813853617114616412e+01,1.826045424679118412e+01,1.825859800798552612e+01,1.796687772416798978e+01
1.768250743488222909e+01,1.964986571754780442e+01,2.033849071445399304e+01,2.028315595232145441e+01,1.978531108045343601e+01,1.955580300035755670e+01,1.910995559674183752e+01,1.891639240232904129e+01,1.863424565449584946e+01,1.860743792437592603e+01,1.871560395841963853e+01,1.853569863728469613e+01,1.847687698315063543e+01,1.842484475751185968e+01,1.846982318296064918e+01,1.875659232006316657e+01,1.910602842879299601e+01,1.907212470960825712e+01,1.896213517037481822e+01,1.856517347055216405e+01,1.831945019229261717e+01,1.838858463449688330e+01,1.822421724391753983e+01,1.796651872666809524e+01,1.789413145438779651e+01,1.810283970494837646e+01,1.783149562420216938e+01,1.752647649983003575e+01,1.742969152689027013e+01,1.769125119841033822e+01,1.812455233813159339e+01,1.856433603034367863e+01,1.880422560394059772e+01,1.910360470401874267e+01,1.892502105719836436e+01,1.902963585777137823e+01,1.906811293091816140e+01,1.875623630377264561e+01,1.829131715973746708e+01,1.799104002267883473e+01,1.789150779434100969e+01,1.730550862092367481e+01,1.730184529986333430e+01,1.752084883913920521e+01,1.799502096589171529e+01,1.834581089742220072e+01,1.819646113488247963e+01,1.760036370360608515e+01
1.512701347560494192e+01,1.691088404018799096e+01,1.840004839513010637e+01,1.930481731417135549e+01,1.947651755480573144e+01,1.909359969747091057e+01,1.876899131209664873e+01,1.893853256425442311e+01,1.922018639247014349e+01,1.960476824882943703e+01,1.982641727802920784e+01,2.009345362613432684e+01,2.018164206591400500e+01,2.055475695157819871e+01,2.057596806992929572e+01,2.027488558843021593e+01,2.012459673635295587e+01,2.006709601448671165e+01,1.995451709892171621e+01,1.947696339333899118e+01,1.914678271408449817e+01,1.866080205174859330e+01,1.857904977287217818e+01,1.887752704340823229e+01,1.926455973745441597e+01,1.912139444403987198e+01,1.888602201062702335e+01,1.901164692554869973e+01,1.927110676889675034e+01,1.936572129759674255e+01,1.948830056292747770e+01,1.989640113357384621e+01,2.031568545657878744e+01,2.042296255729269916e+01,2.008141099552403119e+01,1.979467389031454871e+01,1.975554263990019521e+01,1.974577621644337810e+01,1.970865614605887828e+01,1.958101155642051339e+01,1.949300191446970487e+01,1.942767181460085979e+01,1.974471032319426911e+01,2.046883257838748449e+01,2.068266940754102023e+01,2.105604620059202858e+01,2.140191245634029471e+01,2.130252956528351760e+01
2.199421507940278886e+01,2.303418388853165411e+01,2.293841562990840544e+01,2.251042428528423400e+01,2.190389895466280379e+01,2.150858683434075402e+01,2.166131990266405438e+01,2.171128243600408680e+01,2.136192378299980632e+01,2.139978548418811499e+01,2.122337892572027584e+01,2.169215359211447236e+01,2.207227878384847131e+01,2.215905389687382510e+01,2.222948002773739162e+01,2.216060274111300998e+01,2.183642874436567638e+01,2.160981198952127613e+01,2.141954270327016729e+01,2.104233449793299116e+01,2.078496597633131060e+01,2.034748371766091068e+01,2.029536828555666617e+01,2.058976578749737385e+01,2.118300058472499003e+01,2.116987778294711475e+01,2.081134382131351757e+01,2.029196904431434234e+01,2.029141535110274575e+01,2.070304019335852530e+01,2.108690569852516106e+01,2.158430615564365951e+01,2.166548247659733661e+01,2.162935730866610484e+01,2.147964136386227096e+01,2.191606185181659683e+01,2.202391591600608223e+01,2.165732655995669020e+01,2.119203555628258684e+01,2.092065754499591179e+01,2.086977436761644000e+01,2.086347423200820472e+01,2.072672086581526685e+01,2.049490547778607663e+01,2.055245761300898621e+01,2.074417096290819629e+01,2.048891971833760905e+01,1.920447977109522952e+01
1.656749827809818498e+01,1.953710105266013741e+01,2.178095907620609140e+01,2.224542297989383144e+01,2.218721098800008207e+01,2.191262722590426293e+01,2.193131396603124017e+01,2.215950068275120088e+01,2.243101130561674950e+01,2.250931909534864772e+01,2.265039895102089673e+01,2.315795976616381679e+01,2.343768782269210149e+01,2.343232575300880072e+01,2.295892169400016414e+01,2.252212753207158258e+01,2.240955471211760752e+01,2.251123766935276294e+01,2.242234434816908717e+01,2.200069496994523988e+01,2.164997679140005005e+01,2.143481142808882467e+01,2.158738643905379107e+01,2.180037220777750306e+01,2.200638879391005531e+01,2.223623583319365338e+01,2.187588084982118630e+01,2.166573743844103461e+01,nan,2.179135627940107156e+01,2.225265043191347303e+01,2.273205598872165467e+01,2.295739897908022797e+01,2.310074823297417268e+01,2.321942863070907492e+01,2.326089254170008402e+01,2.346095041030163841e+01,2.347344944204676764e+01,2.306790574985270936e+01,2.236967972072861599e+01,2.224203170051194789e+01,2.255510440449657139e+01,2.315717487805997621e+01,2.337272154958053250e+01,2.325594476788828047e+01,2.312444209709430254e+01,2.351017881016888822e+01,2.377421681374891804e+01
2.372212760133929166e+01,2.506247154890451512e+01,2.521979172395704438e+01,2.453100999292068707e+01,2.449292457470016515e+01,2.499982283284460038e+01,2.550145658104657542e+01,2.511132870948404516e+01,2.494359859225454557e+01,2.421198031686342134e+01,2.405805969562702629e+01,2.440892287481922196e+01,2.475452898651612088e+01,2.475705980721089006e+01,2.480534091730517332e+01,2.461291148140265150e+01,2.436249205113250227e+01,2.424115256858371481e+01,2.406841027321649662e+01,2.415822951858284995e+01,2.413214861784875609e+01,2.406749190282159034e+01,2.410972125380918030e+01,2.425739882934071900e+01,2.396536370961525719e+01,2.366179526531137611e+01,2.349007785818728777e+01,2.337498681037066817e+01,2.351194054757723251e+01,2.336184623599258359e+01,2.339068505413566257e+01,2.343980685926924679e+01,2.355345094180213650e+01,2.358859892769416078e+01,2.396113918871439452e+01,2.425947166443354419e+01,2.479926183521416760e+01,2.510176116538478652e+01,2.520406160056016631e+01,2.488855572514819769e+01,2.463446938603120273e+01,2.418388753741698594e+01,2.414907063570223400e+01,2.426175343984298038e+01,2.402039082919241508e+01,2.377307235227737792e+01,2.322443571366290271e+01,2.183925765418154086e+01
1.866458865113590093e+01,2.085354126192846280e+01,2.330597234370608462e+01,2.475448210194643650e+01,2.537101927141651814e+01,2.557548073399415500e+01,2.557791354556631447e+01,2.549873570938133227e+01,2.561133861821078739e+01,2.596964241082468305e+01,2.637918398153374255e+01,2.659335199384794279e+01,2.614445426473702838e+01,2.574872694501212678e+01,2.510974553763324835e+01,2.479696643960759772e+01,2.472639058608347540e+01,2.483528908174356786e+01,2.483939619217483141e+01,2.493617541168045548e+01,2.497996897582093112e+01,2.485140214497278066e+01,2.485413534237519784e+01,2.499086010143452086e+01,2.537893904564820957e+01,2.569473431629116789e+01,2.580572799600577838e+01,2.581803919421749072e+01,2.559707272712630655e+01,2.548979884144708308e+01,2.568528464018038449e+01,2.587784000927637962e+01,2.591242351358903662e+01,2.606457419116899388e+01,2.614605919218250918e+01,2.603084679246790856e+01,2.575271363935238966e+01,2.547237663895241511e+01,2.545317657115723620e+01,2.532588528493841906e+01,2.539587415351679667e+01,2.595337290147332965e+01,2.629129671103034127e+01,2.639119617259364858e+01,2.628168192798927905e+01,2.561692833698755578e+01,2.583661559101214067e+01,2.638881718217242422e+01
2.531982247342346071e+01,2.676675864155311046e+01,2.767069412523973426e+01,2.795250870230337270e+01,2.778516728603991126e+01,2.776836595910798522e+01,2.783355818480766430e+01,2.769025456015659259e+01,2.733750447472757727e+01,2.728131909288078205e+01,2.713808793304934142e+01,2.707351590745978953e+01,2.741508335727537471e+01,2.754434839832806503e+01,2.765571289157188417e+01,2.796130612652081027e+01,2.793076847783603256e+01,2.787509169833091605e+01,2.776681890400462294e+01,2.740507580215403038e+01,2.697809128586662908e+01,2.691648490257377802e+01,2.695536729264839693e+01,2.717251590388635663e+01,2.706810803991541547e+01,2.676744393456158733e+01,2.657806214122146571e+01,2.616119083573668647e+01,2.647545709715802076e+01,2.661507002898586549e+01,2.712998143672233198e+01,2.716553371551995966e+01,2.707570743590504136e+01,2.673251561401911403e+01,2.662321262819498457e+01,2.654704712957692792e+01,2.704172912895931802e+01,2.746302598536188100e+01,2.772991295836975212e+01,2.764226005740284720e+01,2.734909525644929928e+01,2.713864274176205882e+01,2.697594246238422500e+01,2.709770385105405310e+01,2.716394104010764465e+01,2.686039543833846110e+01,2.582013786824892776e+01,2.415582945747289401e+01
2.111535049885616999e+01,2.365852908116759679e+01,2.609448931224875778e+01,2.776391211961937699e+01,2.859550975215671187e+01,2.878206999665203725e+01,2.855133750010876881e+01,2.806946023876687946e+01,2.793549419383226251e+01,2.823922620270516148e+01,2.836478038679861413e+01,2.847593955756456907e+01,2.833046387059556892e+01,2.817856454255204213e+01,2.803579104127363308e+01,2.863291058272083944e+01,2.895301566908475976e+01,2.866653945209496968e+01,2.858008487066704717e+01,2.831711385906769607e+01,2.797280434112720471e+01,2.763246345204189680e+01,2.739446559501756440e+01,2.738108845421082904e+01,2.761094710020242715e+01,2.771191559346051392e+01,2.793345234516676356e+01,2.813042077502579730e+01,2.808097142733926788e+01,2.849015493788076370e+01,2.861104069820932594e+01,2.871881417630608269e+01,2.897878795843763911e+01,2.901592015975768035e+01,2.910446592907728203e+01,2.920866477195768951e+01,2.908055567979291212e+01,2.892912432605493223e+01,2.852184296039668610e+01,2.825566695139197293e+01,2.824144444383302854e+01,2.823628882144565466e+01,2.846755232235117816e+01,2.890802244090484052e+01,2.919143021073255539e+01,2.899340511185496894e+01,2.886812733088398630e+01,2.871702267102822859e+01
2.815896250532246725e+01,2.994811758113304734e+01,3.052194509086820773e+01,3.060307756084818109e+01,3.067615988402449645e+01,3.062643389581068121e+01,3.035775126521772904e+01,3.032970001777851365e+01,3.017438460463945660e+01,3.005910097464700925e+01,3.028848561735753364e+01,3.043361242162093561e+01,3.066495538200406301e+01,3.058893492214711074e+01,3.054665870557448670e+01,3.044226489411370906e+01,3.042222431076424982e+01,3.043510906033536756e+01,3.037622067234400802e+01,3.011515488942985286e+01,3.026002391807583081e+01,3.067311748688301876e+01,3.047652840964168064e+01,2.985397804956055268e+01,2.921488995887192175e+01,2.892209035609492318e+01,2.910890608253267686e+01,2.943150148973073499e+01,2.964198886488550144e+01,2.985362336155559504e+01,3.007908400060616572e+01,2.996529959041282254e+01,3.031475530775332672e+01,3.062411526959581565e+01,3.061620787681951583e+01,3.030580541421822005e+01,2.995938510095136564e+01,2.989264707058292103e+01,2.992629851427919974e+01,2.989230017344323898e+01,2.977627307559973957e+01,2.975860528025327767e+01,2.987273767888443032e+01,3.006263653694712445e+01,2.988791249156050966e+01,2.963513460903981311e+01,2.913295598380454976e+01,2.791630205708019474e+01
2.452879589385496217e+01,2.742970465356534149e+01,2.906905893267524021e+01,3.035174186639217098e+01,3.117763470008777915e+01,3.131649667736823517e+01,3.126204268748302795e+01,3.127016831960694532e+01,3.115529337837039847e+01,3.127179086157327603e+01,3.141428985653099915e+01,3.161618001282977275e+01,3.180433223249816166e+01,3.192132496800044805e+01,3.183084309343619367e+01,3.187539621925751021e+01,3.171327644565880277e+01,3.135619238765795203e+01,3.113174213252244726e+01,3.100457959136270247e+01,3.073973982237169622e+01,3.057849787191404900e+01,3.036934635748352918e+01,3.014686844306840641e+01,3.025676857627319905e+01,3.072274214857910124e+01,3.133781264025085989e+01,3.177925761909076385e+01,3.175575356080237199e+01,3.153256959663849557e+01,3.114705789898033927e+01,3.134263566960492753e+01,3.180964672243965552e+01,3.185495510772360817e+01,3.173286962379182086e+01,3.180992426864970213e+01,3.191127699553582886e+01,3.191970784051491350e+01,3.177140088773435522e+01,3.153385251491669194e+01,3.137306248216193083e+01,3.100407706637807692e+01,3.101347053539531018e+01,3.122496649091983656e+01,3.141978874983970371e+01,3.184492774064407072e+01,3.199203510491327052e+01,3.161540875405871986e+01
3.119589945715828705e+01,3.300180556996087944e+01,3.359486686761142948e+01,3.347003604260788023e+01,3.321395861529936866e+01,3.295387359505252789e+01,3.307031687526326635e+01,3.309433854130780617e+01,3.314761449587132347e+01,3.295617574023761875e+01,3.293721438143987967e+01,3.303128266571442140e+01,3.318751637817250355e+01,3.360580562563659157e+01,3.385087690206533750e+01,3.394837701121389983e+01,3.375436960626625904e+01,3.352018002210936487e+01,3.298886085541527535e+01,3.285138476119027473e+01,3.284867679942371410e+01,3.285145040743765321e+01,3.276389041920101874e+01,3.258811588162897976e+01,3.224697667029708015e+01,3.199043864620844957e+01,3.213030623774736227e+01,3.219756323369943374e+01,3.222655678774519572e+01,3.217150054935684267e+01,3.210488259876366612e+01,3.218021174644724880e+01,3.250235664684975490e+01,3.289352706828543660e+01,3.312948546712950559e+01,3.334120320658988845e+01,3.344392413388790430e+01,3.333297176749888280e+01,3.309037413917424431e+01,3.318101805190605091e+01,3.357528658501426833e+01,3.350575916609305693e+01,3.311169910963185714e+01,3.287044392210042076e+01,3.270615617576964240e+01,3.240819217797712781e+01,3.166908272065073859e+01,3.016951032363385821e+01
2.797894316515103696e+01,3.030609079962434649e+01,3.148944334451314830e+01,3.258962388078624883e+01,3.355628209997296807e+01,3.414889577816812505e+01,3.455666333863873518e+01,3.501124415384320798e+01,3.548410371032493060e+01,3.540150219756045402e+01,3.507681996511225719e+01,3.477269822746168160e+01,3.456289870536432574e+01,3.445790715818027650e+01,3.446371800456165602e+01,3.421235166890122059e+01,3.400403872384888615e+01,3.359714193300118268e+01,3.327838891958647594e+01,3.349471705226783769e+01,3.348623984375800688e+01,3.397277242925472507e+01,3.444391186235314706e+01,3.426638961097317093e+01,3.422538500665727668e+01,3.367982187557474560e+01,3.352155143604745291e+01,3.354815172610317120e+01,3.356988817109675693e+01,3.369987079833807542e+01,3.402983795716285442e+01,3.445599193377001512e+01,3.489096811524404984e+01,3.503952517840814807e+01,3.492400666443162294e+01,3.496733727099940126e+01,3.478936929894678798e+01,3.436342878430615855e+01,3.432405341942284593e+01,3.424636011315216422e+01,3.424164969095316025e+01,3.435149376167358071e+01,3.447809905293267008e+01,3.452721602011288127e+01,3.470337398802568174e+01,3.477987768623903264e+01,3.483252867975522804e+01,3.458651345380906150e+01
3.343597997298543589e+01,3.508235443865520864e+01,3.605559537678291093e+01,3.648363120693608863e+01,3.674552833304188937e+01,3.654958236692569784e+01,3.615811448835411568e+01,3.559969741268148624e+01,3.536126030193608472e+01,3.549557423004503676e+01,3.559234727170275647e+01,3.583860678356779061e+01,3.580910223377179591e+01,3.601534794094607861e+01,3.623990112802763264e+01,3.645218996202662254e+01,3.639082256855878228e+01,3.636631670199034971e+01,3.607458901817733476e+01,3.542957026236604179e+01,3.513965543920931367e+01,3.490856604092653726e+01,3.482208067788154437e+01,3.510432751688963293e+01,3.531290801732462370e+01,3.562330350653535760e+01,3.621667162161646303e+01,3.646371489589077441e+01,3.622489943566788639e+01,3.572017192713234124e+01,3.541341466574444041e+01,3.559515925554939741e+01,3.561165563744570761e+01,3.561622505655235216e+01,3.546036451276621193e+01,3.521406821794037256e+01,3.536417292670209633e+01,3.562264613699344551e+01,3.598411771444835239e+01,3.655622336179750675e+01,3.702254665445666149e+01,3.696720096880885364e+01,3.656681840756832713e+01,3.599851456094932445e+01,3.533562009960914452e+01,3.472329419651889992e+01,3.392238586480564067e+01,3.233844039080825183e+01
3.105121355915978398e+01,3.297654349438520427e+01,3.428878670972157039e+01,3.506918585866469584e+01,3.572091208493363723e+01,3.646081145843715632e+01,3.703270071346020842e+01,3.763030964134021872e+01,3.797292868478405836e+01,3.785989139726204655e+01,3.731914180295063943e+01,3.712532814350800692e+01,3.671780675359688217e+01,3.657778393234156056e+01,3.654414938159587223e+01,3.670534031731529723e+01,3.701102038571334418e+01,3.718074454252730021e+01,3.707578745204876469e+01,3.716473469559576870e+01,3.727531041602189532e+01,3.763867150074063517e+01,3.798634206825202142e+01,3.790086966084690800e+01,3.741840790296568287e+01,3.662716273367546194e+01,3.626111178120576284e+01,3.599128573203698522e+01,3.607628207626306960e+01,3.650878313765529271e+01,3.682558312279427071e+01,3.725321563437730532e+01,3.752812279323166678e+01,3.784945594964914051e+01,3.770985635263772906e+01,3.755263577764225147e+01,3.711337694215620076e+01,3.684219017305605348e+01,3.710453474730626056e+01,3.718315706002454135e+01,3.729467860661589640e+01,3.759785530946458465e+01,3.783257815483962361e+01,3.806390808485397770e+01,3.815257791773779417e+01,3.805569949760615600e+01,3.790910692881471533e+01,3.716470444002670348e+01
3.575848435668158487e+01,3.731874719253806205e+01,3.846139831654419083e+01,3.892086361371080017e+01,3.917366756622942603e+01,3.921163288252881785e+01,3.948067643799668502e+01,3.958660873627041354e+01,3.946038595214542966e+01,3.935144207895717017e+01,3.927364435881838745e+01,3.925507083416995613e+01,3.913660840338776836e+01,3.923832374573589732e+01,3.903024114426481361e+01,3.896958723806238822e+01,3.896708014696688593e+01,3.904729955925242990e+01,3.889417810219043048e+01,3.855913838394464932e+01,3.820616677353028479e+01,3.784210809286628319e+01,3.747012002272973774e+01,3.755966207154910563e+01,3.846736873559288483e+01,3.940887122275756838e+01,3.983418337927686537e+01,3.948295903582922506e+01,3.895401069552135453e+01,3.842202892418703897e+01,3.816764442776837996e+01,3.818485893398501929e+01,3.815757508926974140e+01,3.819566515002742335e+01,3.817563246648241204e+01,3.805391142610881872e+01,3.812035723262839326e+01,3.855378243511015057e+01,3.895495330613746177e+01,3.930110903138891842e+01,3.959299424610106399e+01,3.960287241382533097e+01,3.940545437941003826e+01,3.884346644008883231e+01,3.786856536068442125e+01,3.737451719540777617e+01,3.666408585815392485e+01,3.568287313402969829e+01
3.440798122524152092e+01,3.633301574108356391e+01,3.768644689884422405e+01,3.832882067998470177e+01,3.915868871242924598e+01,3.990771864360173993e+01,4.074154081320338605e+01,4.104062055144673593e+01,4.119893667807977522e+01,4.097281869382177888e+01,4.041141519788660474e+01,3.984500110345459234e+01,3.958243678286877554e+01,3.918565045232519850e+01,3.896202644247505020e+01,3.922406695314589342e+01,3.943686910821382696e+01,3.945193688688178213e+01,3.937450441577141902e+01,3.942591923420138755e+01,3.973313277991549342e+01,4.014181554631462490e+01,4.054770779943562786e+01,4.065576604732921595e+01,4.043897797541906414e+01,3.982358030139084804e+01,3.927084996671747064e+01,3.888099721156505950e+01,3.894011073376981358e+01,3.945017431286195375e+01,3.965040894951694384e+01,3.992334701062194569e+01,4.017287577877797133e+01,4.023777280282496349e+01,4.017529955432361533e+01,4.037100277276788063e+01,4.059420399926425915e+01,4.052634826422495706e+01,4.045405353260969150e+01,4.045573695775179601e+01,4.073058944242920631e+01,4.114938394263526789e+01,4.103382233039495475e+01,4.092912269290800253e+01,4.074165304220728245e+01,4.031971926430693287e+01,3.990610537451245676e+01,3.939515975047627450e+01
3.864959253832206088e+01,4.023515979715551083e+01,4.093099074502314494e+01,4.118523337201210666e+01,4.129560269705239506e+01,4.180939289534810399e+01,4.209001206309683596e+01,4.238620231967146168e+01,4.199647194218110258e+01,4.188971978757948733e+01,4.152947566163873461e+01,4.151224528382417844e+01,4.213760896691949398e+01,4.253131665984803789e+01,4.250555838198252445e+01,4.252801873693145041e+01,4.248119663069977747e+01,4.213435398434224055e+01,4.180979681876841170e+01,4.155222239884160729e+01,4.064028898753534236e+01,4.043400733100845912e+01,4.028740900976765005e+01,4.077141531106560279e+01,4.135430400886688318e+01,4.163630972849357903e+01,4.164674070265531469e+01,4.157580029952147527e+01,4.150779701584300341e+01,4.144357508611822993e+01,4.129149277030592913e+01,4.119466491339392888e+01,4.125087525018549428e+01,4.135587479395478283e+01,4.120567302680308330e+01,4.095519163518183348e+01,4.056637633832689005e+01,4.074999859143431280e+01,4.132141710277839763e+01,4.171628557689309247e+01,4.202813284605441879e+01,4.231951489212292472e+01,4.238300720172983915e+01,4.237869449325515347e+01,4.199323792628780438e+01,4.133212157371850992e+01,4.034909297382602489e+01,3.886880686921226413e+01
3.746231584748254306e+01,3.927711923979923370e+01,4.128278990934907711e+01,4.241391276569000013e+01,4.301801207064425370e+01,4.349367913340456937e+01,4.361931262038179824e+01,4.347143230563067107e+01,4.323014250914229706e+01,4.305287653756288790e+01,4.260094135696768802e+01,4.227929480728213463e+01,4.213126012280652333e+01,4.189096029004731747e+01,4.206817133739352954e+01,4.227475297481432648e+01,4.248682645321620299e+01,4.263639913467770981e+01,4.251306423014123226e+01,4.250196033605023160e+01,4.266444409480408240e+01,4.280839245151662453e+01,4.277835549606947296e+01,4.277663340234844469e+01,4.281994832984643296e+01,4.262318835397609007e+01,4.238448474851342951e+01,4.204066416138476114e+01,4.255054896909042839e+01,4.290544709046639582e+01,4.305072504962607383e+01,4.344013829042803820e+01,4.384887095134929780e+01,4.408686435240398538e+01,4.416354623394332179e+01,4.413381214675541742e+01,4.402018207139208528e+01,4.356007810465678176e+01,4.279079862751768815e+01,4.259228415939141854e+01,4.282678742241120062e+01,4.283967799800310416e+01,4.289877640607813447e+01,4.322366113107013774e+01,4.322089378952830430e+01,4.305478355252892442e+01,4.275812236937976252e+01,4.230696103238917516e+01
4.220402449489603214e+01,4.376305551028847418e+01,4.422418918752013894e+01,4.407512599002075149e+01,4.413690375767279761e+01,4.407064123488267882e+01,4.399359880298014502e+01,4.388133243522899107e+01,4.387656467162679519e+01,4.402370514732602658e+01,4.460831722046720671e+01,4.516408493498984456e+01,4.538890305488127552e+01,4.523201534999239470e+01,4.492183941763379806e+01,4.496952387267018025e+01,4.484617231550448935e+01,4.476644284446635425e+01,4.456359480547419594e+01,4.439036185422509107e+01,4.423334251644570969e+01,4.435675458088319090e+01,4.437245140108548469e+01,4.427776609310636502e+01,4.412316789303567788e+01,4.420893511982409763e+01,4.396970096092280045e+01,4.390091270385635625e+01,4.387041640418488697e+01,4.393014692349157713e+01,4.386096637133689313e+01,4.376587205179138351e+01,4.386069429128414754e+01,4.372717687358280614e+01,4.369959310427715593e+01,4.340275890301388984e+01,4.330101276681234879e+01,4.333612922340341100e+01,4.377610337625342396e+01,4.440751358703515450e+01,4.493934029121526663e+01,4.560160546052260599e+01,4.607459231250591358e+01,4.592843454908192058e+01,4.542496909003682504e+01,4.477929501629697739e+01,4.382938159137341927e+01,4.261351130556909794e+01
4.017725962552169250e+01,4.262935634848202682e+01,4.423727663591503756e+01,4.522630083879923291e+01,4.598475329905974718e+01,4.683746002001484499e+01,4.710068046310354362e+01,4.725231500997971068e+01,4.664968300544774849e+01,4.619165849896387499e+01,4.560742189177885564e+01,4.472584125360039309e+01,4.428397942684021871e+01,4.432572049460630836e+01,4.444632084849273213e+01,4.480866180971407431e+01,4.499886600783072765e+01,4.503140484462984006e+01,4.497558050353001136e+01,4.500533482627899673e+01,4.498841039550905663e+01,4.512699388254019084e+01,4.524958038814144601e+01,4.545841194709289823e+01,4.578114532868361408e+01,4.588803236105361094e+01,4.582165480677123526e+01,4.575408812455559371e+01,4.564110240098836613e+01,4.547495742331607715e+01,4.527059896331368805e+01,4.523101335290375147e+01,4.561606590145872531e+01,4.586738745905412173e+01,4.618964080606435374e+01,4.641074061277258522e+01,4.655638766115654192e+01,4.658044101906214962e+01,4.635631781573370347e+01,4.593591561028610926e+01,4.541373057240662092e+01,4.515162351741752644e+01,4.514992470146085424e+01,4.515451474946260646e+01,4.516552245124844944e+01,4.512499448124538048e+01,4.534459397442986983e+01,4.538257358415177123e+01
4.454053959297524301e+01,4.594224036165191194e+01,4.682281350184280910e+01,4.657370595189921403e+01,4.648395073544138967e+01,4.625433263991387633e+01,4.623067995103165373e+01,4.639309575035209576e+01,4.652900183747424734e+01,4.697788994612855618e+01,4.728061326736183645e+01,4.764987812677685497e+01,4.773787851170903451e+01,4.782992494280480145e+01,4.777827793673352375e+01,4.751680956889772744e+01,4.755187153868313032e+01,4.711451069638440003e+01,4.674024472330295765e+01,4.684322332552840606e+01,4.718409011372490625e+01,4.714969357330041788e+01,4.710401966660548112e+01,4.713193901917785666e+01,4.716667121014391029e+01,4.717661428955365466e+01,4.717154565272704048e+01,4.703728194452899203e+01,4.697445515972390240e+01,4.669733353185193181e+01,4.626499622430170433e+01,4.623364054998619821e+01,4.596640271501456709e+01,4.597432073898855265e+01,4.595193014571817969e+01,4.599531448357695496e+01,4.594702737783187274e+01,4.645650600631716998e+01,4.683141812284820560e+01,4.719322117345949863e+01,4.739172174020676920e+01,4.784813337750457407e+01,4.843067267916828200e+01,4.834360973769671688e+01,4.777397358860123688e+01,4.731264313960872414e+01,4.693063825648816589e+01,4.594648749576861491e+01
4.260123957799486760e+01,4.571336395200361835e+01,4.767811201791842990e+01,4.850130059626303591e+01,4.893807494627406385e+01,4.925579574673885475e+01,nan,nan,nan,nan,4.839067463114520962e+01,4.827645373929793493e+01,4.787009703776244152e+01,4.760010684895767241e+01,4.732337865718958625e+01,4.720430508590980878e+01,4.705521182490459609e+01,4.701666454465021161e+01,4.717907620709547700e+01,4.733404007176334005e+01,4.787417761562972629e+01,4.823559668421149382e+01,4.839944959338150454e+01,4.834964048288773597e+01,4.809288757104852152e+01,4.799665615753396963e+01,4.778952511298768968e+01,4.783863064786070396e+01,4.796443749096827247e+01,4.809895353925496408e+01,4.814587287242061109e+01,4.830216023958631411e+01,4.856789422496806452e+01,4.892163095343565260e+01,4.909264473524019223e+01,4.907645266977070264e+01,4.907706427214213818e+01,4.906219438990002857e+01,4.878712403163708444e+01,4.856602074018130111e+01,4.834661264017251625e+01,4.818987096513748014e+01,4.779622780055387921e+01,4.765036191987268666e+01,4.813975477472142472e+01,4.845836813881897598e+01,4.860394292535679028e+01,4.828320403339010625e+01
4.743699019006433559e+01,4.930196802121225375e+01,5.012862169936458656e+01,5.037254849694115677e+01,5.010788525755381073e+01,4.984881421120704914e+01,4.933434765728345894e+01,4.921827191796050016e+01,4.934004067562375440e+01,4.944068754078674743e+01,4.990653984951643451e+01,5.005011060649220411e+01,5.017994011798603537e+01,5.032490566425011735e+01,5.053189807767882513e+01,5.044349499405530679e+01,5.014114017154051339e+01,5.001229994195947626e+01,4.997827030653747471e+01,4.999322333080328917e+01,4.982373940488471220e+01,4.941812904233226078e+01,4.932885007455350035e+01,4.934478075017394616e+01,4.939141734389223615e+01,4.960355669409567270e+01,4.976679233522592227e+01,4.975891069252551802e+01,5.001948944584962220e+01,5.024418995497664042e+01,4.991409087700225200e+01,4.914836609970256376e+01,4.854827359934714792e+01,4.838107508572668536e+01,4.845283435047890208e+01,4.874791504040669565e+01,4.906756743221848893e+01,4.936028950403690629e+01,4.952951496975605750e+01,4.995656982719538064e+01,5.052417731931740263e+01,5.064793900682001038e+01,5.037850736603137847e+01,5.038014884626079493e+01,5.036671122814785662e+01,5.042568126334575140e+01,4.977642039152072329e+01,4.861938620397804556e+01
4.682237917277787176e+01,4.883619520510778500e+01,5.102756408877297645e+01,5.188938214697847684e+01,5.194969768015193523e+01,5.173065128802866752e+01,5.154231929771444243e+01,5.169832627284088744e+01,5.161850894710764237e+01,5.150171454129907289e+01,5.109584648359971482e+01,5.065531617246021057e+01,5.039803811574311254e+01,5.012812380102228360e+01,4.996688372495849251e+01,4.989228758572284761e+01,4.988086527657588221e+01,5.006858835111845707e+01,5.032026907460466703e+01,5.087882872858889272e+01,5.153742164866537223e+01,5.157870974586648316e+01,5.106520034375449058e+01,5.069115618136915202e+01,5.056132414488384796e+01,5.073124123843055600e+01,5.079762496428813279e+01,5.078190301779261517e+01,5.086699860896841585e+01,5.106237326603093152e+01,5.109997319880451272e+01,5.107016421639002601e+01,5.090027028876338733e+01,5.089906430561833872e+01,5.153752987715592582e+01,5.217194024271066155e+01,5.220993227941296766e+01,5.207917457369927661e+01,5.164589901181700782e+01,5.098622016814674396e+01,5.063001118633764719e+01,5.045548650790008338e+01,5.037298614334043378e+01,5.079229500475870651e+01,5.116090429687864827e+01,5.144033237013908177e+01,5.143773683659902218e+01,5.110985730900805635e+01
4.958678963391795236e+01,5.185957633398982125e+01,5.294309269673065188e+01,5.307618282244443009e+01,5.290482920052880189e+01,5.263472648499867290e+01,5.246686520223357775e+01,5.208337006155835525e+01,5.178764293272418939e+01,5.204969250593179453e+01,5.270418529830006804e+01,5.331844609783053102e+01,5.381941611898858469e+01,5.400602321417417073e+01,5.385945500972263744e+01,5.312354670829092385e+01,5.250536004586923866e+01,5.263725651957803109e+01,5.286406061695188185e+01,5.295482413822215761e+01,5.254714479914557757e+01,5.231881096406696230e+01,5.200599861052594264e+01,5.197203695341573848e+01,5.219255058676318271e+01,5.219456053633987125e+01,5.223464837889812884e+01,5.224258968420938487e+01,5.246281058697088184e+01,5.239604031587006006e+01,5.186964927842441142e+01,5.142050886799354004e+01,5.129935524800749391e+01,5.163213103166495443e+01,5.173411624109246532e+01,5.151244834242564963e+01,5.116164762534456401e+01,5.124787773798175294e+01,5.159335128654404912e+01,5.191348813371251936e+01,5.265111999562464007e+01,5.299699233968816259e+01,5.325251626057846721e+01,5.353053417063460273e+01,5.371229534884066936e+01,5.373846309004058952e+01,5.325481316501969076e+01,5.217965097716213307e+01
5.026589765754931705e+01,5.226142963341794712e+01,5.372253367612320574e+01,5.426336318219986765e+01,5.445880692047695959e+01,5.449462850654364843e+01,5.437282775399159362e+01,5.414637443004129835e+01,5.413471179997415561e+01,5.349767752516241615e+01,5.325260549133009391e+01,5.275573202250946281e+01,5.232682132344010739e+01,5.257518643891955179e+01,5.286632120764769383e+01,5.312122513373331145e+01,5.324910254049207481e+01,5.291118632759335583e+01,5.275279661857940994e+01,5.308614933596786045e+01,5.334016564133321481e+01,5.351027670827356530e+01,5.347378878922846468e+01,5.350071596096444182e+01,5.362822471163023863e+01,5.358408616784356582e+01,5.335393846447927757e+01,5.336555693322561211e+01,5.347430024531335135e+01,5.382491242964395894e+01,5.428088411250472944e+01,5.456817961762278912e+01,5.460157047642465500e+01,5.475741263494904132e+01,5.477450668121158373e+01,5.488807628970930352e+01,5.493856640455007323e+01,5.468824071609033410e+01,5.431964183809881064e+01,5.373825232118241502e+01,5.316395992610018340e+01,5.302489089564411273e+01,5.286434322329939306e+01,5.322940675658291099e+01,5.346943507110308502e+01,5.397907911892254873e+01,5.430788983870215958e+01,5.389228951080981034e+01
5.134595117406393427e+01,5.347689822226663381e+01,5.550179959034232269e+01,5.568826807872689244e+01,5.522686846629282797e+01,5.470662486871718500e+01,5.422566137113623341e+01,5.420241171950257097e+01,5.441771189640386552e+01,5.509738874139095799e+01,5.583779667873285035e+01,5.607802678017517195e+01,5.633972298034662174e+01,5.612049648116540368e+01,5.605906036628456235e+01,5.629088406191998928e+01,5.639287819762029130e+01,5.640765556342734044e+01,5.621854937228761884e+01,5.585955899804893221e+01,5.515395108736384344e+01,5.519381766213636098e+01,5.521008307728757813e+01,5.523771664052947017e+01,5.532466265162457830e+01,5.524121931836148036e+01,5.515965356398849195e+01,5.504687964159494129e+01,5.482579848287488744e+01,5.467021013986932587e+01,5.451128448799304493e+01,5.447115751284204066e+01,5.418059757065194049e+01,5.419011149299308272e+01,5.447325830364140842e+01,5.447104605803929189e+01,5.468170558560118621e+01,5.453472920953265657e+01,5.480717123561149151e+01,5.533225561302744921e+01,5.582788976992055296e+01,5.612707272125089730e+01,5.615047186935453283e+01,5.624808338690158394e+01,5.626171215589936736e+01,5.610155601336474973e+01,5.603196237928361967e+01,5.472339946385743303e+01
5.322609288112795412e+01,5.495899656241518016e+01,5.679485159533960825e+01,5.724291451615888349e+01,5.772756653867870824e+01,5.782638029939982260e+01,5.764635866021616550e+01,5.763702518298372723e+01,5.763181907171120599e+01,5.714528046060211608e+01,5.666749957902025159e+01,5.635729781133964167e+01,5.618644919884649624e+01,5.600798887962318418e+01,5.574570432063516279e+01,5.550327161158473643e+01,5.513270129971438394e+01,5.512166416417619530e+01,5.543553457305402787e+01,5.567561535514174409e+01,5.582108219646634950e+01,5.602712919643028755e+01,5.621305773396782257e+01,5.638294973301078983e+01,5.644256751724383037e+01,5.636475294837509864e+01,5.633842803867108984e+01,5.646837432192954509e+01,5.701931723886627879e+01,5.722576857063574352e+01,5.717102394044029268e+01,5.706317371534664318e+01,5.713924121905772324e+01,5.717546848068209897e+01,5.711024223467293126e+01,5.694959901974361571e+01,5.696780066103529094e+01,5.739354052723488309e+01,5.773100328908165579e+01,5.745069238192748173e+01,5.682635708693459264e+01,5.621971908004013585e+01,5.577273611892367455e+01,5.588511822867859991e+01,5.619481141337019636e+01,5.656990289114940396e+01,5.690417598475734451e+01,5.626582718904045777e+01
5.457549918491354646e+01,5.717349038140834949e+01,5.800392532257090039e+01,5.810193465225836462e+01,5.780665986877750839e+01,5.740513955174671423e+01,5.712444354738602215e+01,5.775535347777048401e+01,5.871867626699786058e+01,5.941843812344740172e+01,5.948375777979592982e+01,5.941411545056537591e+01,5.904890636701397000e+01,5.819515450325375383e+01,5.811597002750792740e+01,5.836192800663567226e+01,5.847733010356976990e+01,5.833687045870016163e+01,5.820961180183915218e+01,5.829654806997986327e+01,5.837092248609564393e+01,5.841057830677732454e+01,5.831006720468564453e+01,5.788263768410959642e+01,5.771921764872588057e+01,5.789094304643192856e+01,5.806635289404292877e+01,5.802542929499711732e+01,5.777417783582257726e+01,5.747441153524017921e+01,5.713442639550597590e+01,5.695158903552419360e+01,5.655711103643083959e+01,5.647255365462966381e+01,5.652889051979729373e+01,5.688085100596148180e+01,5.696761540554258119e+01,5.731265570391248332e+01,5.829660202714838135e+01,5.909070558721729327e+01,5.948585662755721160e+01,5.965640282543786554e+01,5.941002460198279067e+01,5.926154080636308663e+01,5.896535162043632283e+01,5.852424586409998852e+01,5.790611814272406122e+01,5.714496363594039252e+01
5.519233209413937402e+01,5.757952161495031618e+01,5.913541907322395730e+01,5.974692211919693818e+01,5.987534457436720459e+01,6.022133108141762392e+01,6.068104230215434569e+01,6.105072970539870170e+01,6.119421894443737386e+01,6.102034371160622328e+01,6.042207452825500269e+01,5.959884014987328271e+01,5.861011487988074009e+01,5.811639985590653623e+01,5.789621645451601495e+01,5.782148075742627924e+01,5.778475279525367370e+01,5.790152890366466920e+01,5.831222858728968106e+01,5.860975246689653062e+01,5.877167964847493664e+01,5.916308653046643684e+01,5.938666092966914789e+01,5.941123711797504825e+01,5.934908307126043070e+01,5.923458995920702819e+01,5.924091737130820690e+01,5.931388802528702797e+01,5.940374930836802037e+01,5.958492800496917141e+01,5.969683150046692788e+01,5.971402399375522663e+01,5.967278005504783778e+01,5.983185530914924755e+01,5.974854653115730230e+01,5.968947195244902559e+01,6.004794699009974579e+01,6.048834983505810214e+01,6.094788060262213492e+01,6.100756418532948544e+01,6.072513585821437232e+01,6.012660620948810930e+01,5.925223270628025318e+01,5.868488249376320454e+01,5.902539033074999963e+01,5.966048532475822697e+01,5.967256893386180394e+01,5.908304257252931535e+01
5.620561595318032744e+01,5.924826373043414662e+01,6.064580344981316529e+01,6.128826446980416875e+01,6.120356518243804089e+01,6.082442909569895306e+01,6.064099811841558108e+01,6.087133642039430015e+01,6.140770570188229982e+01,6.183027203323029397e+01,6.192445214754260974e+01,6.185840264405653244e+01,6.162426566162505281e+01,6.125781405018260983e+01,6.118383439453870665e+01,6.117786596483849593e+01,6.100447004439320153e+01,6.089510517370248266e+01,6.086477513633225556e+01,6.099030775295021556e+01,6.101947183317715684e+01,6.093046695612550678e+01,6.066789710061956242e+01,6.045624297852168638e+01,6.028349056668909611e+01,6.038011798728462054e+01,6.054185844073280975e+01,6.063585014249732552e+01,6.035569070352054410e+01,6.023692226318675580e+01,5.991620052188524426e+01,6.000632234977215518e+01,5.987864025996844930e+01,5.964690075916001888e+01,5.934235922239008687e+01,5.915279789971839364e+01,5.940325798211213026e+01,6.000599878974674084e+01,6.089213920783085143e+01,6.174573509503716195e+01,6.219549165412136915e+01,6.216559333019622358e+01,6.208331545033838239e+01,6.188511547701182280e+01,6.145519729755615401e+01,6.102379824131711672e+01,6.039913129660192226e+01,5.986064959823625742e+01
5.851690907097273708e+01,6.024479031264212381e+01,6.158268271328849863e+01,6.197308152001453863e+01,6.211886894265766301e+01,6.238170447066615054e+01,6.287514421751822624e+01,6.312946578640781325e+01,6.307985425944573876e+01,6.295810733093460954e+01,6.264523627254284577e+01,6.187734167132907004e+01,6.119694368988230337e+01,6.070099890837045109e+01,6.034552520594262148e+01,6.074032129472939090e+01,6.148139854501179258e+01,6.188918589635066780e+01,6.198899105583024038e+01,6.167055048714976095e+01,6.156672252491668473e+01,6.149050901425388105e+01,6.152328285854059686e+01,6.154485974752597599e+01,6.151716006054139996e+01,6.159389770256552765e+01,6.168731607517751314e+01,6.178022547491159600e+01,6.196905187779147894e+01,6.203782206148677858e+01,6.198160234976195682e+01,6.197254712769495910e+01,6.200292311727145034e+01,6.218527077531526714e+01,6.233419680984216882e+01,6.249714707902383282e+01,6.248910973999575447e+01,6.245911226804139460e+01,6.265794671981377917e+01,6.283353913363297494e+01,6.273486299932329757e+01,6.252262247058057909e+01,6.221150311215020423e+01,6.214115396915232026e+01,6.241279668017629234e+01,6.295315989247747979e+01,6.269584409423501370e+01,6.139862658591096789e+01
nan,nan,nan,nan,nan,nan,6.351763644358764793e+01,6.334142527908564801e+01,6.368561264548979040e+01,6.380395929115948661e+01,6.394602742917603422e+01,6.391363696706155650e+01,6.392372421039620178e+01,6.390006480509688203e+01,6.388900753731856241e+01,6.350318770920426203e+01,6.313219358074277210e+01,6.310171359671443980e+01,6.320148885698053931e+01,6.327296503012107820e+01,6.329356423456633252e+01,6.313467629948174675e+01,6.306835631246529772e+01,6.307589052382523676e+01,6.308158707992047454e+01,6.308229006453647258e+01,6.286236309372019093e+01,6.275258728758591076e+01,6.279490559351746981e+01,6.309598721305160751e+01,6.350261687660278653e+01,6.418362619259903568e+01,6.416175904005440600e+01,6.341187474440702232e+01,6.246898383460487736e+01,6.193989474727766975e+01,6.198769796450025638e+01,6.265508830474196600e+01,6.321873569671778625e+01,6.377777380918502104e+01,6.419361079441357276e+01,6.443560013857349134e+01,6.438412929109813376e+01,6.441179841080446522e+01,6.402632934987087765e+01,6.402968849639137261e+01,6.352456057511408005e+01,6.254042816576900776e+01
6.187780355310676583e+01,6.366696892409172648e+01,6.489118055451132250e+01,6.538626820350162916e+01,6.543598112548581014e+01,6.544010946919000560e+01,6.544094749874791717e+01,6.532362571455590228e+01,6.524206811902018899e+01,6.508681776859546630e+01,6.470022785987477221e+01,6.434625521845698870e+01,6.374670022621193510e+01,6.341849843316636992e+01,6.327431847332079684e+01,6.357396144666503801e+01,6.449501458897334771e+01,6.517671941843988748e+01,6.523243963820274871e+01,6.492902497183374066e+01,6.429759530866242301e+01,6.396644825218278640e+01,6.395549156334622865e+01,6.425709744871218732e+01,6.448829067069189591e+01,6.461195730800396575e+01,6.436691223891300240e+01,6.436418430630138232e+01,6.431491251889042360e+01,6.438812480533631799e+01,6.433706975421557672e+01,6.432618029001615412e+01,6.438437677993388775e+01,6.447744074960628780e+01,6.475509858556736731e+01,6.521253972777324748e+01,6.552379793286667109e+01,6.590974917039690695e+01,6.604868871912503892e+01,6.593458455484433500e+01,6.554687512088321455e+01,6.523889756992110733e+01,6.506975130282509667e+01,6.531589762287667611e+01,6.572378515371882202e+01,6.590568007328241151e+01,6.558733386897742434e+01,6.447713374716585122e+01
nan,6.382876228794673779e+01,6.606830182026546083e+01,6.728286663476960427e+01,6.751830676673928622e+01,6.735575863100363847e+01,6.717784913138068248e+01,6.690240839840940623e+01,6.730811515224334585e+01,6.738102110557055369e+01,6.760567035746450415e+01,6.769981992447455355e+01,6.771802753143188625e+01,6.759535577048539778e+01,6.672696990098208403e+01,6.606898166587238563e+01,6.566809089257007770e+01,6.550652929962193127e+01,6.550901284098993926e+01,6.548744473564335067e+01,6.547924274040306614e+01,6.564385784107463451e+01,6.560797149694063535e+01,6.578623624750800047e+01,6.581891618453977344e+01,6.579710916615083249e+01,6.564636863552296120e+01,6.548695709060127967e+01,6.557220297160603195e+01,6.585162211823173095e+01,6.632860867830467555e+01,6.659224607108490090e+01,6.651889195197173876e+01,6.621808859231671818e+01,6.537994691386079182e+01,6.471809354948008774e+01,6.479972810934937399e+01,6.536058730976502318e+01,6.593189393737273463e+01,6.620743066281170286e+01,6.627134835839846971e+01,6.651811863580226714e+01,6.661510468922841710e+01,6.654065903353304634e+01,6.646888827732512084e+01,6.656671831927538108e+01,6.625042924052206672e+01,6.572600053705376411e+01
6.491210158944878117e+01,6.665319741894782624e+01,6.714797165856472816e+01,6.718624742434877817e+01,6.708650110903265329e+01,6.707635112407920985e+01,6.740195638683840684e+01,6.755371854368924289e+01,6.752269900957473681e+01,6.744454356942715378e+01,6.734139455826175436e+01,6.682269006299171110e+01,6.632902510371832250e+01,6.602210078677651950e+01,6.608787954279040378e+01,6.663123068960243245e+01,6.764444750088806302e+01,6.816267909577011608e+01,6.814371183916469477e+01,6.783119314613988138e+01,6.726962927281724092e+01,6.671075099777685580e+01,6.646756864322505010e+01,6.647623252719532161e+01,6.689393924195950092e+01,6.701353470704742676e+01,6.703411563924370853e+01,6.697899100671753558e+01,6.693586838133478523e+01,6.689925439187103962e+01,6.687626292890277568e+01,6.676280954167830828e+01,6.692107564405490905e+01,6.726740395828934993e+01,6.785629945780458172e+01,6.838789018776131456e+01,6.900888067515228386e+01,6.922845949149342459e+01,6.915555482899240758e+01,6.887031933899865521e+01,6.851014355913594045e+01,6.832233767333352148e+01,6.835535224059668735e+01,6.862118675629417908e+01,6.884740132823804970e+01,6.883357036163583587e+01,6.820470533858288320e+01,6.659528697872552527e+01
6.370559719561862266e+01,6.621719002944246313e+01,6.842314790156611082e+01,6.942092610924939322e+01,6.978815590938593516e+01,6.967494336815842360e+01,6.951816437404934845e+01,6.938491828594503374e+01,6.929613946049327922e+01,6.965429843523752140e+01,7.014691198680222328e+01,7.065793142255353132e+01,7.059793041187818119e+01,7.015107092146726586e+01,6.951884094245446022e+01,6.912350223855811748e+01,6.863913536737170773e+01,6.837005308865462894e+01,6.806539561367810620e+01,6.807824223826067112e+01,6.815696699268717396e+01,6.823315599828488587e+01,6.840531415960866468e+01,6.832989573893924273e+01,6.822723874752679762e+01,6.794640336742928355e+01,6.784126521114227160e+01,6.771114140307030027e+01,6.809857543371526845e+01,6.907107178088487842e+01,6.984208949714565051e+01,7.021708351420649308e+01,7.025079026987738473e+01,6.949389259339476155e+01,6.862152918527957013e+01,6.770955094688027032e+01,6.759639494757362854e+01,6.789401996675343298e+01,6.823130810998472384e+01,6.848931485355569748e+01,6.868885428295546092e+01,6.870700664727253582e+01,6.852009294226134273e+01,6.841868371787944625e+01,6.850467525471545116e+01,6.854084792699669038e+01,6.828589464505137130e+01,6.792699201434395206e+01
6.709106560469572855e+01,6.837322357933723538e+01,6.941365212092566139e+01,6.988346131070692024e+01,6.981338779731736111e+01,6.973859434950949776e+01,6.984196724179788873e+01,6.983935485652844477e+01,6.984722138269560787e+01,6.994715522499474503e+01,6.970002343925081334e+01,6.950532847168895501e+01,6.921896499905369637e+01,6.926208848009223118e+01,6.971828669163643610e+01,7.069169858475194701e+01,7.113807642903742590e+01,7.143846390433925819e+01,7.132929476211093345e+01,7.096805761667341983e+01,7.020614302685928010e+01,6.964154612529732447e+01,6.900599310184762203e+01,6.897394566672987537e+01,6.926765442727533184e+01,6.928657804076269144e+01,6.926957205097623671e+01,6.931552994701132775e+01,6.934027134294973393e+01,6.943438848577437739e+01,6.960090459209018832e+01,6.984229766831815311e+01,7.023952642632266929e+01,7.057008430998035919e+01,7.075774444371235461e+01,7.112337408901696278e+01,7.135123615748207726e+01,7.143199772626283561e+01,7.141562347107704056e+01,7.121624908303502366e+01,7.087515765819063063e+01,7.057188954407617132e+01,7.051964565041760125e+01,7.072240519853399121e+01,7.083116828295149503e+01,7.075607825952683072e+01,7.063005232075865081e+01,6.964731856823883049e+01
6.926636513522099392e+01,7.052587809935315022e+01,7.106791998362491825e+01,7.147758510489219930e+01,7.166785184173865275e+01,7.178801603813766974e+01,7.184390288436408412e+01,7.177994086037871568e+01,7.185948698453942995e+01,7.213142466158048194e+01,7.241507078003363063e+01,7.242603658746025985e+01,7.255021974217285674e+01,7.260218007139026497e+01,7.265641254865015242e+01,7.238047387400565924e+01,7.213364523184792176e+01,7.175846181792984169e+01,7.145211454612176283e+01,7.120921399852150557e+01,7.085880481896107597e+01,7.075870324597464389e+01,7.054317383577712519e+01,7.043234607290720817e+01,7.023354949349412379e+01,7.021672866536637514e+01,7.042844090096410525e+01,7.059205899826206121e+01,7.087806826431886975e+01,7.142048547265196135e+01,7.214466480237850021e+01,7.277401780566044920e+01,7.295639041929921120e+01,7.235268605274225706e+01,7.172457512372754707e+01,7.130912459595546693e+01,7.080476439947247513e+01,7.104569330888136847e+01,7.145318569423062627e+01,7.180881487499850380e+01,7.188523769615844117e+01,7.178101501358881364e+01,7.155144577679500628e+01,7.137616480415402975e+01,7.111431655841967370e+01,7.098603505480613762e+01,7.083931839325809676e+01,7.018219182629557906e+01
6.870835395182518823e+01,6.964523270502571961e+01,7.158457351590503492e+01,7.273648572180692895e+01,7.282454875696828367e+01,7.278197475981197329e+01,7.275287586619461422e+01,7.280968261389006102e+01,7.295113980934449671e+01,7.301260020437840126e+01,7.292680987913895763e+01,7.278130574109673034e+01,7.250327311744531755e+01,7.223461536677856998e+01,7.254239354651204508e+01,7.296108429339683710e+01,7.362981929446043239e+01,7.389887913874585479e+01,7.378666117046678607e+01,7.339408236077230185e+01,7.272225475077577528e+01,7.228139942715212385e+01,7.182693430492103914e+01,7.162760529497516870e+01,7.153542724566496247e+01,7.152314324205467244e+01,7.154962698157116563e+01,7.164667207541322114e+01,7.204834569301844738e+01,7.216361048300997538e+01,7.228419962411673794e+01,7.258744334341349713e+01,7.303571768085875249e+01,7.333236195786540179e+01,7.351229311233323926e+01,7.367962314545124514e+01,7.397518635595294256e+01,7.414625433000465193e+01,7.416778711761324416e+01,7.408530877804153647e+01,7.394177791884017381e+01,7.349641184967309471e+01,7.340196474754979761e+01,7.359786435126179072e+01,7.364954952968746227e+01,7.352927025197516286e+01,7.304823239365340726e+01,7.240885433667118320e+01
7.049909954204838414e+01,7.224262927761965614e+01,7.384898954143338301e+01,7.483544513217958638e+01,7.524915835686057619e+01,7.541511112935729955e+01,7.524678805264308323e+01,7.495942722297252203e+01,7.469202432753039034e+01,7.477262277974958238e+01,7.496706407691907259e+01,7.506699652872300987e+01,7.533356168742180614e+01,7.532621068520063545e+01,7.511738199272795669e+01,7.478571653065785085e+01,7.450490649543378652e+01,7.406464538312410184e+01,7.364643967762609122e+01,7.352896913407521140e+01,7.323237821695674654e+01,7.310489644984184565e+01,7.298134583280923948e+01,7.269388369308390452e+01,7.300876786307057387e+01,7.315862635748229081e+01,7.298607543369094230e+01,7.316603357333382007e+01,7.357926419027886311e+01,7.414668782530269198e+01,7.465077558857356621e+01,7.492545031386792687e+01,7.493365570525389785e+01,7.453343757686592141e+01,7.430791347509705247e+01,7.399809024906141985e+01,7.379876693761697481e+01,7.383962044801718605e+01,7.425745274547404051e+01,7.443904143445263344e+01,7.438616690423140199e+01,7.433629715162116725e+01,7.431307187046751039e+01,7.425513915747106353e+01,7.404810544597084743e+01,7.386448228047990483e+01,7.357937440187529887e+01,7.209619957993629669e+01
7.136179338340998868e+01,7.312618848474848221e+01,7.421686918273535127e+01,7.472948655035111187e+01,7.500199209430196845e+01,7.510164078559472500e+01,7.521492801118793636e+01,7.529266628800550620e+01,7.546872706101105166e+01,7.549567510965303541e+01,7.538395922916680547e+01,7.523810626905348897e+01,7.516841263256416994e+01,7.487359182827530901e+01,7.516358946102705829e+01,7.573511572573015371e+01,7.617233908383356322e+01,7.628115919034020465e+01,7.613312430751307147e+01,7.584024376525778166e+01,7.544876115357754998e+01,7.517696939487940710e+01,7.471834880979186266e+01,7.458978466552576947e+01,7.459771282844276641e+01,7.461640354412317322e+01,7.448371527692212624e+01,7.438314454029915623e+01,7.439068505322961755e+01,7.443261959657512250e+01,7.457347920220632886e+01,7.493227637401255947e+01,7.534850730952942399e+01,7.593149661203710821e+01,7.633620207589308393e+01,7.637635515213032988e+01,7.651549997234054956e+01,7.650013917928062313e+01,7.608275085561049877e+01,7.592756106231939839e+01,7.597502858333176334e+01,7.594007212551862551e+01,7.602245774257383459e+01,7.623359455164340659e+01,7.655136444621597036e+01,7.646823223149623061e+01,7.601469498216269471e+01,7.450966725022848891e+01
